address	currency	sources
0x0330070FD38Ec3bB94F58FA55D40368271E9e54A	ETH	ofac_0xB10C
0x04DBA1194ee10112fE6C3207C0687DEf0e78baCf	ETH	ofac_0xB10C
0x08723392Ed15743cc38513C4925f5e6be5c17243	ETH	ofac_0xB10C
0x08b2eFdcdB8822EfE5ad0Eae55517cf5DC544251	ETH	ofac_0xB10C
0x0931cA4D13BB4ba75D9B7132AB690265D749a5E7	ETH	ofac_0xB10C
0x098B716B8Aaf21512996dC57EB0615e2383E2f96	ETH	ofac_0xB10C
0x0Ee5067b06776A89CcC7dC8Ee369984AD7Db5e06	ETH	ofac_0xB10C
0x11069987e8507d0669c870b578cc9f9b4017d127	ETH	il_mod_crypto
0x12de548F79a50D2bd05481C8515C1eF5183666a9	ETH	ofac_0xB10C
0x175d44451403Edf28469dF03A9280c1197ADb92c	USDT	ofac_0xB10C
0x175d44451403edf28469df03a9280c1197adb92c	ETH	il_mod_crypto
0x1967d8af5bd86a497fb3dd7899a020e47560daaf	ETH	ofac_0xB10C
0x1999ef52700c34de7ec2b68a28aafb37db0c5ade	ETH	ofac_0xB10C
0x19F8f2B0915Daa12a3f5C9CF01dF9E24D53794F7	ETH	ofac_0xB10C
0x19aa5fe80d33a56d56c78e82ea5e50e5d80b4dff	ETH	ofac_0xB10C
0x1da5821544e25c636c1417ba96ade4cf6d2f9b5a	ETH	ofac_0xB10C
0x21B8d56BDA776bbE68655A16895afd96F5534feD	ETH	il_mod_crypto,ofac_0xB10C
0x2f389ce8bd8ff92de3402ffce4691d17fc4f6535	ETH	ofac_0xB10C
0x308ed4b7b49797e1a98d3818bff6fe5385410370	ETH	ofac_0xB10C
0x35fB6f6DB4fb05e6A4cE86f2C93691425626d4b1	ETH	ofac_0xB10C
0x38735f03b30FbC022DdD06ABED01F0Ca823C6a94	USDT	ofac_0xB10C
0x39D908dac893CBCB53Cc86e0ECc369aA4DeF1A29	ETH	ofac_0xB10C
0x3AD9dB589d201A710Ed237c829c7860Ba86510Fc	ETH	ofac_0xB10C
0x3Cffd56B47B7b41c56258D9C7731ABaDc360E073	ETH	ofac_0xB10C
0x3cbded43efdaf0fc77b9c55f6fc9988fcc9b757d	ETH	ofac_0xB10C
0x3e37627dEAA754090fBFbb8bd226c1CE66D255e9	ETH	ofac_0xB10C
0x43fa21d92141BA9db43052492E0DeEE5aa5f0A93	ETH	ofac_0xB10C
0x48549a34ae37b12f6a30566245176994e17c6b4a	ETH	ofac_0xB10C
0x4f47bc496083c727c5fbe3ce9cdf2b0f6496270c	ARB	ofac_0xB10C
0x502371699497d08D5339c870851898D6D72521Dd	ETH	ofac_0xB10C
0x530a64c0ce595026a4a556b703644228179e2d57	ETH	ofac_0xB10C
0x532b77b33a040587e9fd1800088225f99b8b0e8a	ETH	ofac_0xB10C
0x53b6936513e738f44FB50d2b9476730C0Ab3Bfc1	ETH	ofac_0xB10C
0x53b9B72DC6f96Eb4B54143B211B22e2548e4cf5c	ETH	il_mod_crypto
0x5512d943ed1f7c8a43f3435c85f7ab68b30121b0	ETH	ofac_0xB10C
0x57EC89A0C056163A0314e413320f9B3ABe761259	ETH	ofac_0xB10C
0x5A14E72060c11313E38738009254a90968F58f51	ETH	ofac_0xB10C
0x5a7a51bfb49f190e5a6060a5bc6052ac14a3b59f	ETH	ofac_0xB10C
0x5d5b5dafecbf31bdb08bfd3edad4f2694372d0ef	ETH	ofac_0xB10C
0x5f48c2a71b2cc96e3f0ccae4e39318ff0dc375b2	ETH	ofac_0xB10C
0x67d40EE1A85bf4a4Bb7Ffae16De985e8427B6b45	ETH	ofac_0xB10C
0x6be0ae71e6c41f2f9d0d1a3b8d0f75e6f6a0b46e	ETH	ofac_0xB10C
0x6f1ca141a28907f78ebaa64fb83a9088b02a8352	ETH	ofac_0xB10C
0x72a5843cc08275C8171E582972Aa4fDa8C397B2A	ETH	ofac_0xB10C
0x747AFB5c7A7fc34B547cD0FDEbf9b91759C5a52b	ETH	ofac_0xB10C
0x76EA76CA4Eb727f18956aB93445a94c5280412B9	ETH	ofac_0xB10C
0x797d7ae72ebddcdea2a346c1834e04d1f8df102b	ETH	ofac_0xB10C
0x7CEd75026204aC29C34bEA98905D4C949F27361e	ETH	ofac_0xB10C
0x7Db418b5D567A4e0E8c59Ad71BE1FcE48f3E6107	ETH	ofac_0xB10C
0x7F19720A857F834887FC9A7bC0a0fBe7Fc7f8102	ETH	ofac_0xB10C
0x7F367cC41522cE07553e823bf3be79A889DEbe1B	ETH	ofac_0xB10C
0x7FF9cFad3877F21d41Da833E2F775dB0569eE3D9	ETH	ofac_0xB10C
0x7eab248c014d1043e54e96ac4f31ec7d9a97ffd3	ETH	il_mod_crypto
0x83E5bC4Ffa856BB84Bb88581f5Dd62A433A25e0D	ETH	ofac_0xB10C
0x8576acc5c05d6ce88f4e49bf65bdf0c62f91353c	ETH	ofac_0xB10C
0x8Dce2aAC0dE82bdCAf6b4373B79f94331b8e4995	ETH	ofac_0xB10C
0x901bb9583b24d97e995513c6778dc6888ab6870e	ETH	ofac_0xB10C
0x931546D9e66836AbF687d2bc64B30407bAc8C568	ETH	ofac_0xB10C
0x95584C303FCd48AF5c6B9873015f2AD0ca84EaE3	ETH	ofac_0xB10C
0x961c5be54a2ffc17cf4cb021d863c42dacd47fc1	ETH	ofac_0xB10C
0x97b1043abd9e6fc31681635166d430a458d14f9c	ETH	ofac_0xB10C
0x983a81ca6FB1e441266D2FbcB7D8E530AC2E05A2	ETH	ofac_0xB10C
0x99d29380a2e37c04e4fe75111b7d410674a6cab3	ETH	il_mod_crypto
0x9Be599d7867f5E1a2D7Ec6dB9710dF2b98A15573	ETH	ofac_0xB10C
0x9c2bc757b66f24d60f016b6237f8cdd414a879fa	ETH	ofac_0xB10C
0x9f4cda013e354b8fc285bf4b9a60460cee7f7ea9	ETH	ofac_0xB10C
0xC3b194e0a4Bfff0e986594d7768F58746E52Eb53	ETH	il_mod_crypto
0xD8500C631dC32FA18645B7436344a99E4825e10e	ETH	ofac_0xB10C
0xE3740C1B2FcDA407027E2c80906306604E5260e7	ETH	il_mod_crypto
0xE950DC316b836e4EeFb8308bf32Bf7C72a1358FF	ETH	ofac_0xB10C
0xEFE301d259F525cA1ba74A7977b80D5b060B3ccA	ETH	ofac_0xB10C
0xF7B31119c2682c88d88D455dBb9d5932c65Cf1bE	ETH	ofac_0xB10C
0xFb3eFf152ea55D1BfA04Dbdd509A80fD7b72cdEB	ETH	ofac_0xB10C
0xFda1Ec4A6178d4916b001a065422D31EBE5F62FF	ETH	ofac_0xB10C
0xa0e1c89Ef1a489c9C7dE96311eD5Ce5D32c20E4B	ETH	ofac_0xB10C
0xa7e5d5a720f06526557c513402f2e6b5fa20b008	ETH	ofac_0xB10C
0xad92a818e26fc3dbce7a1972308a4a86f54dd683	USDT	il_mod_crypto
0xb338962B92CD818D6aef0A32a9ECD01212a71f33	ETH	ofac_0xB10C
0xb637f84b66876ebf609c2a4208905f9ddac9d075	ETH	ofac_0xB10C
0xb6f5ec1a0a9cd1526536d3f0426c429529471f40	ETH	ofac_0xB10C
0xc077bbfcf9b5b9eec0dd105e15b65ebc2a030600	USDT	il_mod_crypto
0xc0d227bd0580bad9435ca0b884ebee7ff8da71c9	USDT	il_mod_crypto
0xc103b7dc095c904b92081eef0c1640081ec01c10	ETH	ofac_0xB10C
0xc2a3829F459B3Edd87791c74cD45402BA0a20Be3	ETH	ofac_0xB10C
0xc455f7fd3e0e12afd51fba5c106909934d8a0e4a	ETH	ofac_0xB10C
0xc8fe1c81e927540fcc99ebb3c880a840082293da	ETH	il_mod_crypto
0xcB74874f1e06Fcf80A306e06e5379A44B488bA2D	ETH	ofac_0xB10C
0xd04E33461FEA8302c5E1e13895b60cEe8AEfda7F	ETH	ofac_0xB10C
0xd0975b32cea532eadddfc9c60481976e39db3472	ETH	ofac_0xB10C
0xd5ED34b52AC4ab84d8FA8A231a3218bbF01Ed510	ETH	ofac_0xB10C
0xd882cfc20f52f2599d84b8e8d58c7fb62cfe344b	ETC	ofac_0xB10C
0xdb2720ebad55399117ddb4c4a4afd9a4ccada8fe	ETH	ofac_0xB10C
0xdcbEfFBECcE100cCE9E4b153C4e15cB885643193	ETH	ofac_0xB10C
0xddd42d46a17b9a5b0c53c5ef2b79a6acb1b50333	ETH	il_mod_crypto
0xe090669ee62e02f4437b89058a073dc7874aed8f	ETH	il_mod_crypto
0xe1d865c3d669dcc8c57c8d023140cb204e672ee4	ETH	ofac_0xB10C
0xe1e4c5e5ed8f03ae61b581e2def126025f2b9401	ETH	ofac_0xB10C
0xe3d35f68383732649669aa990832e017340dbca5	ETH	ofac_0xB10C
0xe7aa314c77f4233c18c6cc84384a9247c0cf367b	ETH	ofac_0xB10C
0xebfe7a29ea17acb5f6f437e659bd2d472deedc54	ETH	il_mod_crypto
0xed6e0a7e4ac94d976eebfb82ccf777a3c6bad921	ETH	ofac_0xB10C
0xf3701f445b6bdafedbca97d1e477357839e4120d	ETH	ofac_0xB10C
0xf4377edA661e04B6DDA78969796Ed31658D602D4	ETH	ofac_0xB10C
0xfac583c0cf07ea434052c49115a4682172ab6b4f	USDT	ofac_0xB10C
0xfec8a60023265364d066a1212fde3930f6ae8da7	USDT	ofac_0xB10C
12154055877559948854L	LSK	il_mod_crypto
121Yb34i3Moxbniuz9c9ExJWmmYMuepjRr	XBT	il_mod_crypto
123WBUDmSJv4GctdVEz6Qq6z8nXSKrJ4KX	XBT	ofac_0xB10C
125W5ek3DT6Zqy5S2iPt4FHQdNMCbZA3FU	XBT	ofac_0xB10C
1295rkVyNfFpqZpXvKGhDqwhP1jZcNNDMV	XBT	ofac_0xB10C
129zKFLoVad9JtxSmDKeJoLCsjhGR7b3vr	XBT	ofac_0xB10C
12HQDsicffSBaYdJ6BhnE22sfjTESmmzKx	XBT	ofac_0xB10C
12NpCkhddSNiDkD9rRYUCHsTT9ReMNiJjG	XBT	ofac_0xB10C
12QtD5BFwRsdNsAZY76UVE1xyCGNTojH9h	XBT	ofac_0xB10C
12VrYZgS1nmf9KHHped24xBb1aLLRpV2cT	XBT	ofac_0xB10C
12YCfVAEzkEZXBYhUTyJJaRkgMXiFxJgcu	XBT	ofac_0xB10C
12YyR9EpvHxBjjKjTWqfKqeyoWnvcraxpW	XBT	ofac_0xB10C
12jVCWW1ZhTLA5yVnroEJswqKwsfiZKsax	XBT	ofac_0xB10C
12mNKr2YP4M3CEQvCvVqZsvxuCG47LHMu1	XBT	ofac_0xB10C
12sDU3FyYJXc2oRzE6XXuuhVHCBJvaoCC8	USDT	il_mod_crypto
12sjrrhoFEsedNRhtgwvvRqjFTh8fZTDX9	BSV	ofac_0xB10C
12udabs2TkX7NXCSj6KpqXfakjE52ZPLhz	XBT	ofac_0xB10C
12w6v1qAaBc4W8h8C2Cu5SKFaKDSv3erUW	XBT	ofac_0xB10C
1348ThkNoDupq1bws95diMiL8haGs61K7M	XBT	il_mod_crypto
134r8iHv69xdT6p5qVKTsHrcUEuBVZAYak	XBT	ofac_0xB10C
13JtX4h7G5ZuNK5mFudKGq9DHLvvMFuNuz	XBT	ofac_0xB10C
13LQJQ1oJ9K7PsqsGfjNhoVv6UeU6hgzQz	XBT	ofac_0xB10C
13RH4JaFhaCxDGPyYE9emjp2aDxdX18uBA	XBT	ofac_0xB10C
13ViCDZyJxxv5cZzpDDsE7aDQ3Y552zpAH	XBT	ofac_0xB10C
13YBQr2Cp1YY3xqq2qngaPb7ca1o4ugeq6	XBT	ofac_0xB10C
13f59kUM5FU8MfTG7DCEugYarDhSD7XCoC	XBT	ofac_0xB10C
13fhnkmpBBWXUQucJd6efWvXdEj78DKavk	XBT	ofac_0xB10C
13hfsQm6oCaDZehfYBSMFiJVAi1jsL6sQd	XBT	ofac_0xB10C
13iQsrwBYdrLpnitG5EV79o3PeHjH8XUBc	XBT	il_mod_crypto
13mnk8SvDGqsQTHbiGiHBXqtaQCUKfcsnP	XBT	ofac_0xB10C
13ztYvFxVpioqRvr8YUz7UmJm36ERJhMBG	USDT	il_mod_crypto
1481074704939202117L	LSK	il_mod_crypto
148LKmyZT3FGE4x1GjsFN6RsAwcjzk5iuE	XBT	ofac_0xB10C
149w62rY42aZBox8fGcmqNsXUzSStKeq8C	XBT	ofac_0xB10C
14gM1HuLVDELNHaFU22qpabjtiWek4HhV1	XBT	ofac_0xB10C
14kqryJUxM3a7aEi117KX9hoLUw592WsMR	XBT	ofac_0xB10C
14rjAD8ZP5xaL571cMRE98qgxxbg1S8mAN	XBT	ofac_0xB10C
158treVZBGMBThoaympxccPdZPtqUfYrT9	XBT	ofac_0xB10C
15PggTG7YhJKiE6B16vkKzA1YDTZipXEX4	XBT	ofac_0xB10C
15Pt4NwZaUmMUwS2bQbyyncc7mzgWShtv8	XBT	ofac_0xB10C
15UdZbmGPa2LatD3abtGpphgkHLFWftV4R	XBT	ofac_0xB10C
15YK647qtoZQDzNrvY6HJL6QwXduLHfT28	XBT	ofac_0xB10C
15bxPrALuby5rap8RM3dAPKyC9NASKjoAk	XBT	il_mod_crypto
15cRqR3TXS1JehBGWERuxFE8NhWZzfoeeU	XBT	ofac_0xB10C
15kZobLkD6HZgEECtz4oS2Vz21XHTnNfSg	XBT	ofac_0xB10C
15qyVrZvvVGvB7GWiAZ82TNcZ6QWMKu3kx	XBT	ofac_0xB10C
15soXrE3NJBMkkQhrccXonTT9bpjpPvE67	XBT	il_mod_crypto
15uqdxqNXQwVf5H7yZPz4TmEGeSccCwdor	XBT	ofac_0xB10C
15yqWQ4sqr7jzCwDtZ3U1KaCa8WMEy7Mm2	XBT	ofac_0xB10C
164fawNZVwsR5SamAJypvCMtkMx4Xv1B3f	XBT	il_mod_crypto
16EKTes8ahD8xvwisqjc2xSNLiG3fDHatW	XBT	ofac_0xB10C
16PhXY3hNNMTo8kpuJx2emh713KbWpkqci	XBT	ofac_0xB10C
16SPDQFFzgsoNSPiFFTfS8Dw8LLXqia4oc	XBT	ofac_0xB10C
16ZSAEfYpPCj3D94fsNt2okYj9Ue8mxy6T	XBT	ofac_0xB10C
16iWn2J1McqjToYLHSsAyS6En3QA8YQ91H	USDT	ofac_0xB10C
16p2UWTZwXRyK5bTHNVjdDyy1D3EQGsZf2	XBT	ofac_0xB10C
16tByCYzxuWiN8kF9FrK9jJy6eQYLVkQ1i	XBT	ofac_0xB10C
16ti2EXaae5izfkUZ1Zc59HMcsdnHpP5QJ	XBT	ofac_0xB10C
175BUqf8JCU1uoG1iTRKTacDa4uvJDUCw2	XBT	ofac_0xB10C
179bzhS4FY7qLDza9YjuorhWyXVVYZu2YH	USDT	il_mod_crypto
17QAWGVpFV4gZ25NQug46e5mBho4uDP6MD	XBT	il_mod_crypto
17UVSMegvrzfobKC82dHXpZLtLcqzW9stF	XBT	ofac_0xB10C
17V7THwHMiDJmDwZK4unhE5HgKFJKx7VCe	XBT	ofac_0xB10C
17a5bpKvEp1j1Trs4qTbcNZrby53JbaS9C	XBT	ofac_0xB10C
17ezuJoT3XBbdcwFZbkTnrXbup11F4uhiy	XBT	ofac_0xB10C
17mhyeBX617ABZ1ffThhUTJkHUcMvCkfd5	XBT	ofac_0xB10C
182NGZbPJXwg2WDrhrPpR7tpiGQkNPF844	XBT	ofac_0xB10C
18Ke1QWE9nQfXuhJijHggZuPJ5ZYxapoBK	XBT	ofac_0xB10C
18M8bJWMzWHDBMxoLqjHHAffdRy4SrzkfB	BCH	ofac_0xB10C
18Qj1THHuETfYhuRDZycXJbWwDMGw73Poa	XBT	ofac_0xB10C
18aqbRhHupgvC9K8qEqD78phmTQQWs7B5d	XBT	ofac_0xB10C
18cFGAdYcvNHkuhXLBE7izQKCyUW8TzCJE	XBT	ofac_0xB10C
18dLDAWi8LmrHbEq3QzDJb9SLxCf4uimXB	XBT	ofac_0xB10C
18gaXypKj9M23S2zT9qZfL9iPbLFM372Q5	XBT	ofac_0xB10C
18uKfaUjgG52rVeXEi3wxnveww7zZuECtE	XBT	ofac_0xB10C
18yWCu6agTxYqAerMxiz9sgHrK3ViezzGa	XBT	ofac_0xB10C
18yzhmcgHtRVoEX3doCrqhis6fFU1dHFUE	XBT	il_mod_crypto
194xmrZA53UBsZau2PnJLdmVVW9m5feeS	XBT	ofac_0xB10C
1986rYHckYbJpGQJy6ornuMyD2N5MTqwDt	XBT	ofac_0xB10C
19D1iGzDr7FyAdiy3ZZdxMd6ttHj1kj6WW	XBT	il_mod_crypto,ofac_0xB10C
19D8PHBjZH29uS1uPZ4m3sVyqqfF8UFG9o	XBT	ofac_0xB10C
19DEeqdazoinvPEtiLWsuTpL8uNMvV3Tzi	XBT	il_mod_crypto
19FQzHibWDhSP8pKmJS3uagFYoisXtehzw	XBT	ofac_0xB10C
19GrL5jnUkGmHXVcraB1Etv5rXCANeLWpq	XBT	ofac_0xB10C
19XVEDZCGVMA9WCF1qUayxtnjUnyD7zDDQ	XBT	il_mod_crypto
19pPbUDvoSBZafkUCYkD2Z9AkuqqV6sWm7	XBT	ofac_0xB10C
1A3iYY4c3dkgNYGewzYzr7EsqfBuWXibGo	XBT	ofac_0xB10C
1A7SKE2dQtezLktCY8peLsdAtkqxV9r1dC	XBT	ofac_0xB10C
1A7pDH1EdrkH9YZtsPnc8uzirBFnAN9Eay	XBT	il_mod_crypto
1ANpca7g93BwptUJg1zV116v49zn9gjDi3	XBT	ofac_0xB10C
1AXUTu9y3H8w4wYx4BjyFWgRhZKDhmcMrn	XBT	ofac_0xB10C
1AeSq93WDNdLoEJ92sex7T8xQZoYYm8BtS	XBT	ofac_0xB10C
1Ain9kRJsHhEP3A4YkBWz19jipbhdYUfft	XBT	il_mod_crypto
1AjZPMsnmpdK2Rv9KQNfMurTXinscVro9V	XBT	ofac_0xB10C
1AoxtfiBQ22DvbhqAN9Ctb8sULMRhrdwTr	XBT	ofac_0xB10C
1B11Ezqg3AXjFhMdRq5UpPDpNyriYNVtkn	XBT	ofac_0xB10C
1B3u21itzjgKtm7QsNQNCBpSkwzzeDHqrW	XBT	ofac_0xB10C
1B64QRxfaa35MVkf7sDjuGUYAP5izQt7Qi	XBT	ofac_0xB10C
1BCWMwpR4M1nYUuuYe2bmzrNuwGoF9ZAbA	XBT	ofac_0xB10C
1BPf9qr7M5xUgNHUYtrQtEKvUKcyERzXao	USDT	il_mod_crypto
1BiUFjzH6wsT73U3tfy4aXHCQsYQHzjk5h	XBT	ofac_0xB10C
1BvJRBRp9ZZ6zLyuZaZsV7g3xP6JokdZQW	XBT	ofac_0xB10C
1C6hetVWVXZnS6P2BYBNu5Y1ZJ57JyXGac	XBT	il_mod_crypto
1C7RpJNE19HgefzWVCSaUqRTHAwGAFkbYV	XBT	ofac_0xB10C
1CF46Rfbp97absrs7zb7dFfZS6qBXUm9EP	USDT	ofac_0xB10C
1CG1aSCxUnbmv9G34ofxTQoHtuVnMLJtQV	XBT	ofac_0xB10C
1CNbhgxGRZvsWnEHotfXge7k2E1UPzBDC7	XBT	ofac_0xB10C
1CPJak9ZyddbawMGJPyEhCiJLXXb4sYv8N	XBT	ofac_0xB10C
1CddRqw7oSPrT4tt5oXKyx2LiHJDPszy7y	XBT	ofac_0xB10C
1D1ej7zQzywWBDNXKNYpmH7Hso2U9koDG4	XBT	ofac_0xB10C
1D3GuaS9eqKw8dWj9JFQtNufdRtysjSLxZ	XBT	ofac_0xB10C
1D6gG9iKEhPitTcWRJiniuj1jYM2hNeAfJ	XBT	ofac_0xB10C
1DDA93oZPn7wte2eR1ABwcFoxUFxkKMwCf	XBT	ofac_0xB10C
1DGsY4ww3BJnWXTsnmTgWa6UWdoRXgA1pX	XBT	ofac_0xB10C
1DH2xDH7TngrDU6LXciprKCBKNcPA1xX8A	XBT	ofac_0xB10C
1DJoEMvp95yJYWyxAZy8DDBzuvjnrTVrsN	XBT	ofac_0xB10C
1DJoVLgn1foJHHngduRPJvRbwpaFEKxvxd	XBT	ofac_0xB10C
1DKGRGJXGNLAtTeFb9SNPNHtrkZ87q7qKi	XBT	ofac_0xB10C
1DT3tenf14cxz9WFNxmYrXFbB6TFiVWA9U	XBT	ofac_0xB10C
1DYFJ6CuBvrxyoQSuBzVsNcetY9tvdsrag	XBT	ofac_0xB10C
1DbShx4r8i2XesthoDBf5EkYWz5dsKEusV	XBT	ofac_0xB10C
1DbvK8P6imBuLcwh2Vruis4xsUb8YAwJQF	XBT	ofac_0xB10C
1Df883c96LVauVsx9FEgnsourD8DELwCUQ	USDT	ofac_0xB10C
1Dpddb1TMjvmNQeYDqgyd1ww6cmwPJRdSk	XBT	ofac_0xB10C
1DrhHEkv42JVwiDQNi28JFdSuiSGgPNXwP	XBT	il_mod_crypto
1DtGgdCi9VPKz2Bpq8GQhUQEPnQ5HwaT9n	XBT	ofac_0xB10C
1E9uUnLbyfToazo95vmM3ysYnzgkrL7GeC	XBT	ofac_0xB10C
1ECeZBxCVJ8Wm2JSN3Cyc6rge2gnvD3W5K	XBT	ofac_0xB10C
1EDcKCRypUTFoTZbxDWF9MBAT4W7XUGB32	XBT	il_mod_crypto
1EVTZmTMqZPMzGxsug9TXBtvPJZH8dXSCK	XBT	il_mod_crypto
1EYitrwBYNWuTBcjZFbEUdqHppe2raLpaF	XBT	ofac_0xB10C
1EYya5dfNvuYDwpeboGKBtkXzJcEHMCQXR	XBT	il_mod_crypto
1Edue8XZCWNoDBNZgnQkCCivDyr9GEo4x6	XBT	ofac_0xB10C
1EfMVkxQQuZfBdocpJu6RUsCJvenQWbQyE	XBT	ofac_0xB10C
1EfmRn6Bp3cjrTBubaH8MzRRc2ikSjNGXw	XBT	il_mod_crypto
1EnX6BuJiGWydqXJT9BN5dSvfLg3QW4Mdz	USDT	il_mod_crypto
1EpMiZkQVekM5ij12nMiEwttFPcDK9XhX6	XBT	ofac_0xB10C
1EtMuBPQnPCa3cecerdSH1SzydxnhbTmw	XBT	ofac_0xB10C
1EuUMPBCZtSd5pVVFEqmRqUSfU1qy6ASuL	XBT	ofac_0xB10C
1EvhBad5wCZYhBoAsGaciV6AvmZ1osLpeJ	XBT	ofac_0xB10C
1F2Gdug9ib9NQMhKMGGJczzMk5SuENoqrp	XBT	ofac_0xB10C
1F317n2eJEMaEMGiwCqtd5XCU3wF7jzPEW	XBT	ofac_0xB10C
1F7UL41qYm6TvnExZzPHBCyeENvX3XDEMS	XBT	ofac_0xB10C
1FCNgfZWpYMeYhy9t18AAkTBu8AsdoAc1Z	XBT	ofac_0xB10C
1FE2cuvkq8n5VGwj5hi8YYQxskwJpovPyV	XBT	ofac_0xB10C
1FFS6pX1TCKTNy668Mbk2Lyoem1qB48kYX	XBT	ofac_0xB10C
1FRyL9gmFGbzfYDAB4iY9836DJe3KSnjP9	XBT	ofac_0xB10C
1FjubFHV4mpYjBmvjsEhZssyiiA4TNmnm2	XBT	ofac_0xB10C
1Fz29BQp82pE3vXXcsZoMNQ3KSHfMzfMe3	XBT	ofac_0xB10C
1G64TFMFVJTjhJXra6x74BBhsfSyiWaFtT	XBT	ofac_0xB10C
1G6DuwDKNHiUWqks2Lgu44cesu7ffFbLK7	XBT	ofac_0xB10C
1G97YMibTtcCJ8WFhvHXMA2GnAp9AgmpMR	XBT	il_mod_crypto
1G9A8WRjGXdnYY4TNEVRrcaHsMtana4ncF	XBT	ofac_0xB10C
1G9CKRHA3mx22DoT1QyNYrh85VSQ19Y1em	XBT	ofac_0xB10C
1GALPyvUDDXqA6H2eHQ9Y1yidfQ6T1Drvn	XBT	il_mod_crypto
1GC2SjzCyCwxo1uxTi28oqn9L3mJj7bLPs	XBT	il_mod_crypto
1GYuu9d5HPikafbys3k5Q3DRJq6debGsoB	XBT	ofac_0xB10C
1GcKLUUXodTQcLcPD7VLMgvCc4hs5Q775	XBT	ofac_0xB10C
1Ge8JodC2HiBiEuT7D3MoH6Fak6XrcT9Kf	XBT	ofac_0xB10C
1Gekw8ACSs37oXcc5XQHvoux3iKoVFtpF4	XBT	ofac_0xB10C
1Gg25VzQkqCizXHNSNet4RoysLEe19su4s	USDT	il_mod_crypto
1GkLN7DbA9mAtHNzQWNPANcdWbefaz4Gzm	XBT	ofac_0xB10C
1GnFTy5F9qi5MfaRZfgdg2jkyT5xtAHvd8	XBT	ofac_0xB10C
1GqChmWqGtsaLrGbHfgdrV5Nkvahtjjuxr	XBT	ofac_0xB10C
1H8sDTTgJPBKw83EBZDLhXvetCbxZUMMZM	XBT	ofac_0xB10C
1H939dom7i4WDLCKyGbXUp3fs9CSTNRzgL	XBT	ofac_0xB10C
1HH8eiuaTMucTNyvGCUmAvmCZCtdMi8SqK	XBT	ofac_0xB10C
1Hhe61Bwxs8Hd2WxzWY9FQyZicBiZGeSNW	XBT	ofac_0xB10C
1HmqvgSXUVES1jn4TQPzk9dxo1NE8wim2T	XBT	ofac_0xB10C
1Hn9ErTCPRP6j5UDBeuXPGuq5RtRjFJxJQ	XBT	ofac_0xB10C
1Hpj6qm9i7nMF3VkKfBFtjhEDpEjxHWvgv	XBT	ofac_0xB10C
1HuYfoEwsfHgZiRhbhJrCd5ST3iksa8KEx	XBT	ofac_0xB10C
1J378PbmTKn2sEw6NBrSWVfjZLBZW3DZem	XBT	ofac_0xB10C
1J6cgUVEZRKyJhpXJgHWX7YmzkdnHRaLhF	XBT	ofac_0xB10C
1J9oGoAiHeRfeMZeUnJ9W7RpV55CdKtgYE	XBT	ofac_0xB10C
1J9wJH2bamZVxscXAvoDH4jvtGKb7sYFDm	XBT	ofac_0xB10C
1JHdQHkBZiim1cb4hyUh2PbzEbbg6z2TrF	XBT	ofac_0xB10C
1JPfVv5cWRLx1js9NWxg46dG2CGbeRz4th	XBT	ofac_0xB10C
1JPqJ8sxLBvdHBqMqSFBmUkoh2vAuCUNvs	XBT	ofac_0xB10C
1JREJdZupiFhE7ZzQPtASuMCvvpXC7wRsC	XBT	ofac_0xB10C
1JpSBaUwrZaEgmsYka7mzm9t3Z4syyaw7A	XBT	il_mod_crypto
1Js6goCey2NaqPQptiLANLQGuk4d6mowjP	XBT	ofac_0xB10C
1Juv2Ks3jJFUes8jEGxwgt6T6csBRQmmRw	XBT	ofac_0xB10C
1K2fmE9hfhbRNSZoBvCBWZAvsS5idTUxBG	XBT	ofac_0xB10C
1KNcWyLdhHMuUAjVZHNudGBx9mukmFNzms	XBT	il_mod_crypto
1KSAbh5trMCTZwhiNsuUQvfTtSSTT8zqRk	XBT	ofac_0xB10C
1KUUJPkyDhamZXgpsyXqNGc3x1QPXtdhgz	USDT	ofac_0xB10C
1Kc6egXevyLEaeTxLFA1Zyw7GuhCN8jQtt	XBT	ofac_0xB10C
1KctQENEX5QkQMpnMC3Zh9yRAzkMBLpPcr	XBT	ofac_0xB10C
1KgudqxMfYaGzqAA7MS4DcsqejtMteqhix	XBT	ofac_0xB10C
1KkaKujnqwJf7Cbm7JKAZGF3X9d4685m8n	XBT	ofac_0xB10C
1KkswjrPxbtvUL5odgHDyXcxWz1UoKmCu1	XBT	il_mod_crypto
1Kuf2Rd8mDyAViwBozGTNYnvWL8uYFrkVo	XBT	ofac_0xB10C
1Kys8fqDen8NGFUJ6AFcXfFW5qquuTH4eh	XBT	ofac_0xB10C
1L4ncif9hh9TnUveqWq77HfWWt6CJWtrnb	XBT	ofac_0xB10C
1LAh7PQwpd1uGiLHae5C5Xz9QXse3y2phq	XBT	ofac_0xB10C
1LBQd4ZxtQYYsDWrCzK4uMxHBJVxmyzs3M	XBT	ofac_0xB10C
1LKE3XA9bf5JFqtGtCHzWj5QGxKGwMfXZw	XBT	ofac_0xB10C
1LPTaRfyoNwvwAtmYzcetZLjBfUxVkJrr4	XBT	il_mod_crypto
1LQV6yUBcfTjAWvFu3XPhdTgjqihss7i1z	XBT	ofac_0xB10C
1LhRW1msre1cFgT7fBY2BRrZ4ANMPwVj9u	XBT	il_mod_crypto
1LiNmTUPSJEd92ZgVJjAV3RT9BzUjvUCkx	XBT	ofac_0xB10C
1Licqjca74n8pmNaoARXLLqcTUTHFpxbXH	XBT	ofac_0xB10C
1Ljk8RNNabkZ9bfDYQBn98XfFozJhTjqcZ	XBT	ofac_0xB10C
1Lm9BCDUKoBUk888DCXewM5p8bJyr83cEp	XBT	il_mod_crypto
1LpYKb3SXZPve9hsH2QEJZFX279wJVGowi	XBT	ofac_0xB10C
1LrxsRd7zNuxPJcL5rttnoeJFy1y4AffYY	USDT	ofac_0xB10C
1LuDiMd95Df4i2bcvrfw47t2GKpLLXAQMZ	XBT	ofac_0xB10C
1M5N4sJ1NHb4fviLVZA5MZLKhLZqU4CPZz	XBT	ofac_0xB10C
1MLPqwaFFUBZePTjpR3nxRoK19Cv9mPCc7	XBT	ofac_0xB10C
1MQBDeRWsiJBf7K1VGjJ7PWEL6GJXMfmLg	XBT	ofac_0xB10C
1MbtT2ZsTtLp7EKZUV9r74cTyqvsMtTP2M	XBT	ofac_0xB10C
1MiQRekg4BatJ12qbiSGnNakLLd8xbLMCG	XBT	ofac_0xB10C
1MkCnCa9agS5t6V1B15bzusBgYECB4LfWp	XBT	ofac_0xB10C
1MnbhWe5wr7Ut45ReyQsm96PwnM9jD7KaH	XBT	ofac_0xB10C
1MtsQsw6n2jvJCWhpCw7jifTfD9Q3rBBVg	XBT	ofac_0xB10C
1N6XqSf3ULpNjko9LrJmHudRoLitjwkETN	XBT	ofac_0xB10C
1NE2NiGhhbkFPSEyNWwj7hKGhGDedBtSrQ	XBT	ofac_0xB10C
1NaRX1GZgtZ7E8iXo8YUdTtnb8rAK5QFJa	XBT	ofac_0xB10C
1NayLEVF3bEEbDtdF2Cwso1VdEtvVNh2qX	XBT	ofac_0xB10C
1NbGwQwt4uEhg2srAKppLf8QaF6fbp3PZG	XBT	ofac_0xB10C
1NbJdyh2s4VuxC4wB43gnyoHU7BSgm73aX	XBT	il_mod_crypto
1NpHuti9NSM9fVTXLkvSDU4AnhqGQ5N53d	XBT	ofac_0xB10C
1NuBZQXJPyYQGfoBib8wWBDpZmbtkJa5Ba	XBT	ofac_0xB10C
1NvJm3jfZxENNyqws5BKQvhkLxg9chLJdo	XBT	ofac_0xB10C
1P3ZfGFLezzYGg9k5SVzQmnjyh7nrUmF2y	XBT	ofac_0xB10C
1PJp8diNa89cVHpiT1VPu7EQ8LxYM5HX6v	XBT	ofac_0xB10C
1PWRKxkR5AU7Tc9zPqjdhtu1eGW1QZzs4y	XBT	ofac_0xB10C
1PXxwPVtYxZiCRp9LKq7aKMDFrhAQztvUE	XBT	ofac_0xB10C
1PYtgFS2t6i57WdDvbRa7kPcsagGMBxzfg	XBT	ofac_0xB10C
1PfwHNxUnkpfkK9MKjMqzR3Xq3KCtq9u17	XBT	ofac_0xB10C
1PhqQpaGCrqSxQ6QDXcv14QCd1U98Zp34E	XBT	ofac_0xB10C
1Pu1nAW7kCoSMThMs8QcpM8JxuByQDZgH	XBT	ofac_0xB10C
1Q4tJjH2aBr3AJrzxqa4Z3jPpf5SDgF4jK	XBT	ofac_0xB10C
1Q6saNmqKkyFB9mFR68Ck8F7Dp7dTopF2W	XBT	ofac_0xB10C
1Q9UAQbcDezmyouFrzt94t4dSMxgsUfW1X	XBT	ofac_0xB10C
1QAV9VoTVw7XoyqiTjmNHaKSkNc9QWfqAh	USDT	il_mod_crypto
1QH9hfeSSb2iftcVpgpQp3NsFD174crFoW	XBT	il_mod_crypto
1QHxyuLGRMHfbNPJikV4Dwhfx45HWfUMWB	XBT	ofac_0xB10C
1QJUiNsNfji6mR1FjAwf6Eg9NxxHPoxpWL	XBT	ofac_0xB10C
1Sf6e4xQv8muMZqYPTdRFf3e5o5eWcg9F	XBT	ofac_0xB10C
1ULEqcd5te8AWqFpH7HD4KvJZ1AKcJPam	XBT	il_mod_crypto
1r6S9vpUZPS5rb6gSdwV2bvSFcN3uSq4q	XBT	ofac_0xB10C
1uLdz4wXrcXjCy2CqLWuJUiE85Y7SJ1ge	XBT	il_mod_crypto
27f405bf5c5caf0db56316b76dfc3067846cffcf8f2ffda5d5f754114ec1db35b3f6310fb25b	SC	il_mod_crypto
3177043342364495742L	LSK	il_mod_crypto
31nadacWrgPeAQxKRMabhn3fPhnhi3hjKa	XBT	ofac_0xB10C
31p6woV4e55HUfC2aGynFhzQnGoJFW26cD	XBT	ofac_0xB10C
31t4nEpcwyQJT1VuXdAoQZTT5givRDPsNP	XBT	ofac_0xB10C
31yqH1jVEPDJ7x9L648Ec5umM2G3zNDoe5	XBT	il_mod_crypto
32DaxSzUhLBHY2WGSWQYiBSHnRsfQZrrRp	XBT	ofac_0xB10C
32PsiT8itBrEF84ebdaF82yBUEcz5Wc6uY	XBT	ofac_0xB10C
32VgTk8kGvBsqkHhkvtNooGdtqZm46jTVo	XBT	ofac_0xB10C
32fbAZMTaQxNd2fAue1PgsiPgWfcsHBQQt	XBT	ofac_0xB10C
32jgFkZsTEjMFaBvxJnYvJEeTNKTmq5b32	XBT	ofac_0xB10C
32pCmCWEjwhkLwh5BgLNAeBQFp5Gi1hv81	XBT	ofac_0xB10C
32pTjxTNi7snk8sodrgfmdKao3DEn1nVJM	XBT	ofac_0xB10C
32wdqwX3zCEX3DhAVEcKwXCEGdzgBnx1R9	XBT	ofac_0xB10C
331TS6DyASY7iU5CRA8UryBnkPS78fP2B1	XBT	ofac_0xB10C
33KKjn4exdBJQkTtdWxqpdVsWxrw3LareG	XBT	ofac_0xB10C
33Kja69SQVc8kozpoP7Qw6HFtGxHkiWzTz	XBT	ofac_0xB10C
33fWcMdmsB2Ey4CEbVWbjGFkuevBSyP9nG	XBT	ofac_0xB10C
33xWfziVZesgo83U5izdNCBVTnrtBpSwK7	XBT	ofac_0xB10C
343w3Xh64q5UpgpvAPqmsUzxrknde8PQHb	XBT	ofac_0xB10C
347QFbejDBdMZFTxpmn6evvvqyXiqZTCd7	XBT	ofac_0xB10C
34ETiHfQWEYFCCaXmEeQWVmhFH5vz2JMvd	XBT	ofac_0xB10C
34WWXwFKAsXL9zYxbeNPaPV6vDamkjQLUo	XBT	ofac_0xB10C
34dxZvijpBM1YkPybczbQ7DuGuKAnULdfS	XBT	ofac_0xB10C
34kEYgpijvCmjvahRXXQEnBH76UGJVx2wg	XBT	ofac_0xB10C
34kWCKF2wCbe6uinit2uL4ND6d8yxsuxKM	XBT	ofac_0xB10C
34pFGsSYbWEritXncW9unZtQQE9dKSvKku	XBT	ofac_0xB10C
35KAdTa2vqnJzitF2xiUzZn1Gmcas2Y465	XBT	ofac_0xB10C
35LScRJ8hzDvvWh9t9UA8bHGnGNVz3YEfa	XBT	ofac_0xB10C
35QpLWYkvD3ALhjbge5bK2kd7HfHYcDMu3	XBT	ofac_0xB10C
35SwVFxosV3AsvnrBfzdXarqavRbvDyyxv	XBT	ofac_0xB10C
35aTjkBh4yeTypJsi9nuTdoMKHTsawKVgX	XBT	ofac_0xB10C
35eanEz5iYg2eYaxCtMrR4SCoypFqrBWUH	XBT	ofac_0xB10C
35hh9dg3wSvUJz9vFk1FsezLE5Fx3Hudk2	XBT	ofac_0xB10C
35irs2AU6pVgenYbWvMRz22avDBLC9XMkd	XBT	ofac_0xB10C
35qwVtMEohWDdBWRiCSR7azoP5cbY8SG1Q	XBT	ofac_0xB10C
35vypiSvQsxRiT3YZzGRGVaduUSx67ysZb	XBT	ofac_0xB10C
361AkMKNNWYwZRsCE8pPNmoh5aQf4V7g4p	XBT	ofac_0xB10C
361NP7YcBPQ4KkLT3Y2QZeDEV4M3yi65Ar	XBT	ofac_0xB10C
3685sEusmTwZBiKJ4cgV73EAhpVD1nbgbe	XBT	ofac_0xB10C
36XqYWGvUQwBrYLRVuegN4pJJJSPWL1WEu	XBT	ofac_0xB10C
36YGN5dGzqrxMomTHdkT6cYVMnWBw8S7hD	XBT	ofac_0xB10C
36ia8qAE1k1PKQePdXENCm1YKLXxZyVnnc	XBT	ofac_0xB10C
36yS87PLuW7sErLg1TY26WzaVarTim7AcC	XBT	ofac_0xB10C
372Wk9NLrMkJzKgqJdatWJy4bYRfxFjgat	XBT	ofac_0xB10C
374RguZDMNW5Zh5ouW3KhKDcrerKusmsuk	XBT	ofac_0xB10C
37KHumAdzFcg1fXMv36UGg91MHPqhJUv19	XBT	ofac_0xB10C
37dDBCexFPraKW4jGSqkE3NyG52YeZQbJx	XBT	ofac_0xB10C
37fKFZQGMqdBkjSUub1jCDWGgSHwv9VxfZ	XBT	ofac_0xB10C
37g6WgqedzZx6nx51tYgssNG8Hnknyj5nL	XBT	ofac_0xB10C
386sPhHBbLidzPnoxUH74jiiYkHYtobefQ	XBT	ofac_0xB10C
386wa1UM6nA798AWNh64jdrejZyedeXgUN	XBT	ofac_0xB10C
389Sft4nJFkPGhbagk9FN4jXncA9piYTuU	XBT	ofac_0xB10C
38LjCapRrJEW7w2zwbyS15P9D9UGPjWS44	XBT	ofac_0xB10C
38TftW1heYPqvKbiAhT4ttNBqkUPpooXad	XBT	ofac_0xB10C
38ncxqt932N9CcfNfYuHGZgCyR85hDkWBW	XBT	ofac_0xB10C
39AALn7eTjdPzLb99hHhD6F7J8QWB3R2Rd	XBT	ofac_0xB10C
39HJB4x6W5QuKFEuV1tfcfNveLRJTzcC12	XBT	ofac_0xB10C
39KQvziHwUe2vddbpfC5WkQEV72qbQhxuh	XBT	ofac_0xB10C
39NG2LcGRHXxSr1irpEVnJMw4ydL231sEn	XBT	ofac_0xB10C
39Te8MbphSgs7npDJPj2hbNzhke61NTcnB	XBT	ofac_0xB10C
39eboeqYNFe2VoLC3mUGx4dh6GNhLB3D2q	XBT	ofac_0xB10C
39fhoB2DohisGBbHvvfmkdPdShT75CNHdX	XBT	ofac_0xB10C
39p8qWp1bkBNhi4vPpFTetKPtH7goqNDZf	XBT	ofac_0xB10C
3A1HH3PseYMkh2nSrBb4kkVt3815kUNVVC	XBT	ofac_0xB10C
3AFcE2mbSSndcpYFgHoExSmjUc26ef2gQh	XBT	ofac_0xB10C
3ANWhUnHujdwbw2jEuGSRH6bvFsD9BqEy9	XBT	ofac_0xB10C
3AQSmMk5n3c6TKEg9B2WyzYAPm33gJJAA4	XBT	ofac_0xB10C
3AYU365Tcjef7j9pdKF9Xe8rWpEpsH196t	XBT	ofac_0xB10C
3AjiWiUdKB5mcGUSS9mBeoHCeYJw3Zo8r6	XBT	ofac_0xB10C
3AjyprBY5yhijiCjUC5NUJutGbwhd3AQdE	XBT	ofac_0xB10C
3B3vmabBbeDRnVrjvvq3hm85zVB4v5bWFC	XBT	ofac_0xB10C
3B4G1M8eF3cThbeMwhEWkKzczw9QoNTGak	XBT	ofac_0xB10C
3B7S6zrgxQVQUHTU8wstM23tB9afE7ojuX	XBT	ofac_0xB10C
3BCN3WgMRJwULTz1vsEQ7NZrBjwaUBf5Ca	XBT	ofac_0xB10C
3BQACtiMXYB9JpUMpkEWt9m8BzswpGHq4X	XBT	ofac_0xB10C
3BWP6ZQAhc4j5wR1b95zJAthJEFvhdees7	XBT	ofac_0xB10C
3BazbaTP8ELJUEfPBV9z5HXEdgBziV9p7W	XBT	ofac_0xB10C
3BsyZ7qRFSi3NsaoV1Ff724qAgrEpjVUHm	XBT	ofac_0xB10C
3CCmt5LjQ5yKkaFY1DWC2SbERVEtWRnSRD	XBT	ofac_0xB10C
3CuqLrZWn5oCe6DRScdRwiFv8txcahrsG3	XBT	ofac_0xB10C
3Czhm6xqn8odwz6jgTcjRrUjog28v6aVS8	XBT	ofac_0xB10C
3D44E2Z3PcLa868GeBNiP5E2GPTfVLULUJ	XBT	ofac_0xB10C
3DCCgmyKozcZkFBzYb1A2x8abZCpAUTPPk	XBT	ofac_0xB10C
3DLGfN7hgsWXXSp9euXcnmWXLpFQuswW2t	XBT	ofac_0xB10C
3DNsaQnaUz7wkQny1ZDSmtz6QfbEShxoDD	XBT	ofac_0xB10C
3E6ZCKRrsdPc35chA9Eftp1h3DLW18NFNV	USDT	ofac_0xB10C
3E6rY4dSCDW6y2bzJNwrjvTtdmMQjB6yeh	XBT	ofac_0xB10C
3E7YbpXuhh3CWFks1jmvWoV8y5DvsfzE6n	XBT	ofac_0xB10C
3EL5vcYeu1cnivLtR7tnAX3bBirr9ATNAL	XBT	ofac_0xB10C
3EPqGUw2q89pwPZ1UF8FJspE2AyojSTjdu	XBT	ofac_0xB10C
3EQoMXw6Xi8zNzY8tLfJbkWjV5EXsQP4Es	XBT	ofac_0xB10C
3ES6pqCueDPCnC4hCqhhYuey6gyiRJZw6E	XBT	ofac_0xB10C
3EUjqe9UpmyXCFd6jeu69hoTzndMRfxw9M	XBT	ofac_0xB10C
3EeR8FbcPbkcGj77D6ttneJxmsr3Nu7KGV	XBT	ofac_0xB10C
3EynPFpoGTPxU9m5bPaEDEUxUanzh7vgQP	XBT	ofac_0xB10C
3F2sZ4jbhvDKQdGbHYPC6ZxFXEau2m5Lqj	XBT	ofac_0xB10C
3F6bbvS1krsc1qR8FsbTDfYQyvkMm3QvmR	XBT	ofac_0xB10C
3FBgeJdhiBe22UoSpp51Vd8dPHVa2A4wZX	XBT	ofac_0xB10C
3FWSkG5NmyXF3rqMav7piXiJUDYzKpgFRT	XBT	il_mod_crypto
3FfRvC3kSo2SxiQe5e7SSuNdegwgq8iusL	XBT	ofac_0xB10C
3FgaJMgxCfU3qqQ3Yiqv3Xw8rmLDDkByeo	XBT	ofac_0xB10C
3FoD1f6Tfnq3s8MYHgJqFPWv9cUrtUdBSv	XBT	ofac_0xB10C
3GAUBtrTtWp1D9yeXgr3wMg8B599QHa5m5	XBT	ofac_0xB10C
3GBGnqDqdiskCmfq2Rchk1LcBoSo4P3DZQ	XBT	ofac_0xB10C
3GMfGEDYMTq9G8dEHet1zLtUFJwYwSNa3Y	XBT	ofac_0xB10C
3GSXNXzyCDoQ1Rhsc7F1jjjFe7DGcHHdcM	XBT	ofac_0xB10C
3GXdtA6kbb4M5aqzZm5qqxcFDFRMW8LqdJ	XBT	ofac_0xB10C
3GYbbYkvqvjF5oYhaKCgQYCvcVE1JENk6J	XBT	ofac_0xB10C
3Gbs4rjcVUtQd8p3CiFUCxPLZwRqurezRZ	XBT	ofac_0xB10C
3GuQjr7kkrR5EjpanMgyAuxuLgrjEUwe21	XBT	ofac_0xB10C
3H3rh85qPaGLy2w6618yZNaH7i8asHv46B	XBT	ofac_0xB10C
3H4qaWi5DS6FMwyZrG9xRRud3Qc5dUVn2U	XBT	ofac_0xB10C
3HJN4jRa4mdfkey9JR9jUhr86yPwL86A3C	XBT	ofac_0xB10C
3HQDRyzwm82MFmLWtmyikDM9JQEtVT6vAp	XBT	ofac_0xB10C
3HQJ9ta7TmYNRjkby3nbMGdHzNCCiXs3Ui	XBT	il_mod_crypto
3HQRveQzPifZorZLDXHernc5zjoZax8U9f	XBT	ofac_0xB10C
3HRExd8GKFskZC5inmVcpiyy9UWG7FVa6o	XBT	ofac_0xB10C
3HSZc4BLnQBznjSq7JvXgqNCZUUs3M9fZz	XBT	ofac_0xB10C
3HWjh69cVQvcPeLWVCyVmXEq72nyDSj5zP	XBT	ofac_0xB10C
3He6EyDaCUgmdr4GXqhxbeTQukaGLCByU2	XBT	ofac_0xB10C
3HePkztPU6UsdENxnyQHFrdZA6eVKeMtvz	XBT	ofac_0xB10C
3HqA7i3ttECLvgqvq69HNxxUP5BL7Z5YgA	XBT	ofac_0xB10C
3HupEUfKmMhvhXqf8TMoPAyqDcRC1kpe65	XBT	ofac_0xB10C
3J19qffPT6mxQUcV6k5yVURGZtdhpdGr4y	XBT	ofac_0xB10C
3JHMz3mTna1gVCZSPp8NgRFiY7phkv5mA8	XBT	ofac_0xB10C
3JLyyLbwciWAC6re87D7mRknXakR4YbnUd	XBT	ofac_0xB10C
3JUwAS7seL3fh5hxWh9fu3HCiEzjuQLTfg	XBT	ofac_0xB10C
3JXKQ81JzBqVbB8VHdV9Jtd7auWokkdPgY	XBT	ofac_0xB10C
3JhPsVV3KnL9dBYGSZALS9EbrLr97R865a	XBT	ofac_0xB10C
3Jpf9B5P8cvEKSSGp9cES3Upbms8VRnXUb	XBT	ofac_0xB10C
3JuSgFrwnrNfuhvR4GpWAPmeJVot4xrEae	XBT	ofac_0xB10C
3K26aMKmnrv97Pj6YiFcqiXk2LxeHfhnG3	XBT	ofac_0xB10C
3K35dyL85fR9ht7UgzPfd1gLRRXQtNTqE3	XBT	ofac_0xB10C
3K4rjdh8A5yi6LWvft2rbmyZvqEbPSSSX4	XBT	ofac_0xB10C
3K7PMJyMNVnxqsfpmK9r9nJDtzDw9wNwNV	XBT	ofac_0xB10C
3KGQ3hX6eFYtBjTBFSdvdkzHmwZyYWLRQh	XBT	ofac_0xB10C
3KHfXU24Bt3YD5Ef4J7uNp2buCuhrxfGen	XBT	ofac_0xB10C
3Kp8Qc5z7yevDeoQxhS5RSSKnEi5x7AQ43	XBT	ofac_0xB10C
3KvBX3jo69Qn8jHy44M33RYoeYcf8DdRBD	XBT	ofac_0xB10C
3L1PSCgfPKJAfQCZcoKfbvWf1fBmWM1Bbs	XBT	ofac_0xB10C
3LDbNuDkKmLae5r3a5icPA5CQg2Y8F7ogW	XBT	ofac_0xB10C
3LLUnf3ezw6mCbQ2zCZmGu5rZULzkhxQi7	XBT	ofac_0xB10C
3LbDu1rUXHNyiz4i8eb3KwkSSBMf7C583D	XBT	ofac_0xB10C
3LhnVMcBq4gsR7aDaRr9XmUo17CuYBV4FN	XBT	ofac_0xB10C
3Lpoy53K625zVeE47ZasiG5jGkAxJ27kh1	XBT	ofac_0xB10C
3LtcaPbCj87CwJHnRX3vh7c2y9RZQqeSy8	USDT	ofac_0xB10C
3M7CGBPUJwXXSroWuZ6H5jiprdKCyf7V5M	XBT	ofac_0xB10C
3MD3riFB6U8PykypF6qkvSj8R2SGdUDPn3	XBT	ofac_0xB10C
3MKXKqPXf6VxTLkVSXuDKzaTiZZaz5AmiK	XBT	ofac_0xB10C
3MN8nYo1tt5hLxMwMbxDkXWd7Xu522hb9P	XBT	ofac_0xB10C
3MNWiGeoKAhtTrbJuUXpvSRYJSNvmyJSWE	XBT	ofac_0xB10C
3MP7yBGSW2gkXVRE8S84T2j4KVgPh3rEzv	XBT	ofac_0xB10C
3MTRvM5QrYZHKo8gh5qKcrPK3RLjxcDCZE	XBT	ofac_0xB10C
3MTrJTFhYK9v1C6pjHtuweZSopfZa4b1wb	XBT	ofac_0xB10C
3MhdvQccMd5zAh92WrW7SpcHXwfW1uiamD	XBT	il_mod_crypto
3MkUNScqf21EcfWq6T4x2MFgBeSTqhB5t6	XBT	ofac_0xB10C
3MvQ4gThF4mmuo49p4dBNchcmFHBRZnYfx	XBT	ofac_0xB10C
3MzLtBQ4Lz9J6w4Qu55TktgxFKZwxYWrP6	XBT	ofac_0xB10C
3N3YSDvp4cbhEgNGabQxTN39kEzJmwG8Ah	XBT	ofac_0xB10C
3N6WeZ6i34taX8Ditser6LKWBcXmt2XXL4	XBT	ofac_0xB10C
3N9YcPBDky9UsMx1RTk33tL4jDkZfSnsPk	XBT	ofac_0xB10C
3NDzzVxiLBUs1WPvVGRfCYDTAD2Ua2PvW4	XBT	ofac_0xB10C
3NEcQKZ8RwL2eDNhmMPpZ4td9vPsQh9JwM	XBT	ofac_0xB10C
3NNcbBcMZokPB2JC2dxYuZrpgcetvyGeJn	XBT	ofac_0xB10C
3NPognMSbzyA2JYW2fpkVKWyBMi2XTq2Zt	XBT	ofac_0xB10C
3NQ1aa9ceirMJ1JvRq3eXefvXj1L639fzX	XBT	ofac_0xB10C
3NRJ8aXdUiZdHaiFX9ePX3DhGHzcEi14Fq	XBT	ofac_0xB10C
3NU9zkD8CCVGVmYnNNSN7PbU9sSFQBm5UV	XBT	ofac_0xB10C
3P6PzdfETr4275Gn3veLkCyDxA1jV8fHKm	XBT	ofac_0xB10C
3PDmRwotTkRAFRLGTUrucCERp2JdM1q4ar	XBT	ofac_0xB10C
3PKiHs4GY4rFg8dpppNVPXGPqMX6K2cBML	XBT	ofac_0xB10C
3PUmTuVAW3LkKg53FZ7F97VDBitW4ugwnM	XBT	ofac_0xB10C
3PiCnZrBvGfWAKQ9hr4cCpfaDjy64yNSpE	XBT	ofac_0xB10C
3PyzSbFj3hbQQjTzDzyLSgvFVDjB7yw4Cj	XBT	ofac_0xB10C
3Q5dGfLKkWqWSwYtbMUyc8xGjN5LrRviK4	XBT	ofac_0xB10C
3Q8H2ZWMtc4R1M3mkmhnTjCoYKTeCFigDP	XBT	ofac_0xB10C
3QAdoc1rDCt8dii1GVPJXvvK6CEJLzCRZw	XBT	ofac_0xB10C
3QEjBiPzw6WZUL4MYMmMU6DY1Y25aVbpQu	XBT	ofac_0xB10C
3QJyT8nThEQakbfqgX86YjCK1Sp9hfNCUW	XBT	ofac_0xB10C
3QVyoH4u3qT88uChAeJVhfB3r6maZt431y	XBT	ofac_0xB10C
3QWUdP5taP4GrRuueVDud1eWetb7hc3wDH	XBT	ofac_0xB10C
3QnWE5GVfQu3wVav91RuFkqip4Ti4NWqAY	XBT	ofac_0xB10C
3QrukkUiBrn23rFUKUgasNd1wYWNk7WdSV	XBT	ofac_0xB10C
3Qw9Fn19gCnga9LfHfpM99aGzuqxBNjR2i	XBT	ofac_0xB10C
3c61d17a6a55c7434afa3cb43e4dcef2819f38cff2484a6c1e2fffaf089548e2db3328145343	SC	il_mod_crypto
49HqitRzdnhYjgTEAhgGpCfsjdTeMbUTU6cyR4JV1R7k2Eej9rGT8JpFiYDa4tZM6RZiFrHmMzgSrhHEqpDYKBe5B2ufNsL	XMR	ofac_0xB10C
5be5543ff73456ab9f2d207887e2af87322c651ea1a873c5b25b7ffae456c320	XMR	ofac_0xB10C
66413449033389c6d27e9515284a9d8fd0eacf6e2c69e916b7f5451deeb4723a68c2b78e4974	SC	il_mod_crypto
84AwzjeFWXNEuhj8LWinXo93AqYr6wS8ZcnaBCoGhrL7EtvBMBovdhiUSV9xLhjrPA8t64hYSaMc8bHtWXoV9129EHUjU62	XMR	ofac_0xB10C
86ze8c9oUftDSTxzFBhfSJYpjvw6GYkqjeEaggy3hBVL1ou2tk79DfSj5YiZ3wjDHp541tizcQ8bVCxCtVHQncuc3asa8wz	XMR	ofac_0xB10C
87XWTP9tBECHXCwbyMK1KENoy4GeXkRviNzmhNc5Pvo5ExZ1QXjtRRyFeXPuHf7fNiS7KzBZNJeGweJhMbFB647171y66id	XMR	ofac_0xB10C
884Bz8UH63aYsjVdkfWfScRYWZGGNbjFL7pztqvWNSrtYT4reFSwyvkCj9KEGUtheHhhMUj87ciTBFyzoesrMJ4L1FvSoxL	XMR	ofac_0xB10C
88wRZuGMuC5YQvXpKpeLFHQeZWW28XtGyZCizkqeypTaRcjzNNKVrCg7PpoEeWaj5A7wwbh5M2X9ycXrfUkbeptACsG4bVn	XMR	ofac_0xB10C
8ANG5NBnApL94YAKRfCSaS7g2fjEi1DWVcFNTn3wQ5HpfsgtnusgxaXE24bbhXukTgF8esRnMsWaReRiqNbSBSbmRE5Nm5M	XMR	ofac_0xB10C
D5hkVKXQvJnw9nEvd36eRipxJgu1ts8ydx	DOGE	il_mod_crypto
D7i5trghauwmVDT8KBqnwaYDrDU7j2xgS8	DOGE	il_mod_crypto
D7pCdGvzKPEtnuYnFVWtW4pTGTjD9v2Tuo	DGB	il_mod_crypto
D8jJNUtbmC9z1nfY8QRJ2GNWYFQz5btGot	DOGE	il_mod_crypto
D9KKhKM68nRaYtQJJAA82cKhd3bGWqCW46	XVG	il_mod_crypto
DDifCccot9tnVqh99qnQmFSXYX99jw2aD8	DOGE	il_mod_crypto
DF6guxhXjjBPKMxFcy9LZQsMh8GnRRhbi2	DOGE	il_mod_crypto
DFFJhnQNZf8rf67tYnesPu7MuGUpYtzv7Z	XVG	ofac_0xB10C
DKQfVwp2hm54XeUhwMbyccmgHmrP6kL7uz	DOGE	il_mod_crypto
DNmxLVUn5AuzoDo2CSc7P13wcMSvZ4nsYY	DOGE	il_mod_crypto
DdzFFzCqrht4k4DfGDtBaqv6boi1jjyzW2QyEFA2imphJipAcAfdEUyFeMZJtBjjiQJBFYk8JZHffuqgUK9hxbjRwrNpeUgPD78U49Vt	ADA	il_mod_crypto
GAHK7EEG2WWHVKDNT4CEQFZGKF2LGDSW2IVM4S5DP42RBW3K6BTODB4A	XLM	il_mod_crypto
GPwg61XoHqQPNmAucFACuQ5H9sGCDv9TpS	BTG	ofac_0xB10C
LLuDSfYfCXL24rhCGMLgguHWLvQHzHPm78	LTC	il_mod_crypto
LNf2JDiuunBz7GMDKFYHN4rq5meXWxiwfb	LTC	ofac_0xB10C
LNwgtMxcKUQ51dw7bQL1yPQjBVZh6QEqsd	LTC	ofac_0xB10C
LQAhYwwK5AR1JQiQPr7vu8Pu4b6qcxxvNB	LTC	ofac_0xB10C
LQsYaykwDfsKXKkVnQUNhyoVQuhiDEQrZT	LTC	il_mod_crypto
LWnbjLYUfqeokfbWM4FcU7uk2FP2DSxuWS	LTC	ofac_0xB10C
LaYUy1DGfVSuSF5KbPhbLrm8kRotqiwUJn	LTC	ofac_0xB10C
LaizKtS5DUhPuP1nTQcc83MS7HwK6vk85z	LTC	ofac_0xB10C
LcCBQ7fKwTrNf3nM522dcDXWsktbx95fTv	LTC	il_mod_crypto
LdEaGBJzGRyZBEo8vqRAeKLwRAK4hXwWP5	LTC	il_mod_crypto
LeKvNdNEzgQkzVVnRdV3fAu2DSF1nLsNw6	LTC	ofac_0xB10C
Leo3j36nn1JcsUQruytQhFUdCdCH5YHMR3	LTC	ofac_0xB10C
LgwmgYnraU2uBWHVFUDgAmFCPYj5Yw8C9L	LTC	ofac_0xB10C
M8yFL6SFC6TreATegTyuSYkDfDRbisdpT3	LTC	ofac_0xB10C
RPW95tQG7y47QTqS6cNA4EQ5mBmATrG91o	KMD	il_mod_crypto
SGP2HJQBCDEX4B4PH7TVIWJZ4YZZX5C5B3TQ24QA3USY7O5X2KO5V2FPXM	ALGO	il_mod_crypto
SNwdHP6Qpkk6exSAqMG4GdTRkQRAu28SSS	STRAT	il_mod_crypto
T9yb6vP8o8PQJLNmcCkC9wfk73ULTCy2MB	USDT	il_mod_crypto
T9yfDTx9adWW1rN6E4UVMUoCQBwzb6wxsc	USDT	il_mod_crypto
TA3941uFAvmVibSkQ6fMJXxmaSNovX86mz	USDT	ofac_0xB10C
TA39q3p75XRSWYAEaSF7dANtyksoa3sLge	USDT	ofac_0xB10C
TA9XWZ7RLGwfKcTWFXs3cBHRuR388YNugT	TRX	il_mod_crypto
TA9f6oyvsh2VzEB19hYk2Az4hZpHQjT18b	TRX	il_mod_crypto
TAEKKjTXhKYjewhdsxyk6T8oev8A6PriBu	USDT	il_mod_crypto
TAHEHY7wQncEfQc9gJq5RWX8RfCrvuNbTC	TRX	il_mod_crypto
TAHg5ZFkxaJq5wE6pGpM8mY5Q1YEvz6W3G	USDT	il_mod_crypto
TAKocCCqqAULG3C7N1vz5gDZou24t8xAzN	TRX	il_mod_crypto
TALdAcSzoXR1Vqzc29Vk9MrkoTCqCXFvQM	TRX	il_mod_crypto
TAMJPjL5kY4BQGjfA4X3FuzHaEb6FvmHP1	TRX	il_mod_crypto
TAR2KrCfTST5BQXs7D7N4HYHx6FBt4bzLh	TRX	il_mod_crypto
TASWbk6X1wiTku5TMmMQYqYFvshVEtfJy8	TRX	ofac_0xB10C
TAVKvfHt77vD1hQzEUzPSjsTTqNNjSYjBV	USDT	il_mod_crypto
TAYhjpL8pPs8T84FSM329nffQpc6jD8GBM	TRX	ofac_0xB10C
TAYmr116QUo2FbgGxbrZ8BMgLStnnusdfJ	USDT	il_mod_crypto
TAfGsxeQz9PQJ2wEgj7oR3cuiL3zCLqtWz	USDT	il_mod_crypto
TAfq6DEfwb91KHxKmf8im6pWhgFP59FJPo	USDT	il_mod_crypto
TAiDDDrzwXJNcKBXGPRdzF96o8pb7T7MmT	TRX	il_mod_crypto
TAig6gAMakUfPq47vTetcXfZQKAWCsnL6P	USDT	il_mod_crypto
TAkPhaUhsPt4R8dF5tASsUHTqu1hw1GqpR	USDT	il_mod_crypto
TAkbWdDenMBC6ZAxSEEPAdTMinNejLBGeR	TRX	il_mod_crypto
TAoLw5yD5XUoHWeBZRSZ1ExK9HMv2CiPvP	TRX	ofac_0xB10C
TAqTwpsnSMirTXVCwH3zx6S3afDewsgzfp	TRX	il_mod_crypto
TAu8G2TaPjBw3TVVDKg9SjT2Wu6uijBKP2	USDT	il_mod_crypto
TB1ZRUnSYzTQJRCUDFH4T3NEW2dyen2JPA	TRX	il_mod_crypto
TB4W3xWh2xYhE5ABx4C4ffnWQLpmpVmdcG	USDT	il_mod_crypto
TB5UPBTtXYwwmSviWBkQcFM64o6R1CDXUY	USDT	il_mod_crypto
TBATDh41qMQ1yeVYecneEvhpfayYmkAQWS	USDT	ofac_0xB10C
TBEhrZnVjgWMyg9tP9xizmHaGUKFt7hQ3u	USDT	il_mod_crypto
TBFq95yWh6bwZsE9KUAeNxbEEbmAJwsLEL	USDT	il_mod_crypto
TBFsge25WGRVJ7cXBKqtPKxiaVjNYrGdhD	USDT	il_mod_crypto
TBHRyrdg23gZyMh8VPPt9hU7NDEVZRvEe2	TRX	il_mod_crypto
TBHTJqAy4DhHhmT3dNceJYNRz4SdLofLre	TRX	ofac_0xB10C
TBUMjzrcnHsLpmw3HAuLHBcKwGRaXLghM3	USDT	il_mod_crypto
TBWRDpQsW1ZVPGGaBAwVLNb7iqmVBuM1nj	USDT	ofac_0xB10C
TBYRhsZR7Mdn9ezpGVLwZiNVnGm8wZGLAD	USDT	ofac_0xB10C
TBZefVsyQpzzxc2WSCLbZBECvxVdzGqdtC	USDT	ofac_0xB10C
TBbakY3qANmXVRaY1GHF5KJMfEJCsw3gTD	USDT	il_mod_crypto
TBcLqqqyZjNj1ptuXFgj5H768NhNU5nDyn	TRX	ofac_0xB10C
TBd9nfP2L6wndSvfepSAh52LERk5RjgdoR	USDT	il_mod_crypto
TBeWQJiLtL9Rkmdkgdpp4gqQTCF31SSHBG	USDT	il_mod_crypto
TBfJfBYSpVPLDoFzvg3zCnc4Kvpb48cME5	TRX	il_mod_crypto
TBjD6KyudEstysMxB83ctiqMjAqgdKqKYM	TRX	il_mod_crypto
TBmG7JZScZWmL5tADBb41RUU5ffWxU9rkT	TRX	il_mod_crypto
TBobna3TCi8KhmND5srYRNcQcjwmdsLszn	TRX	il_mod_crypto
TBugfvTSnKyfy1sgyrwvZLmub8iVUKCFp7	USDT	il_mod_crypto
TBvArRahEYFKi8dPXKBKYpGz5NncV3nVJo	USDT	il_mod_crypto
TBvqEcqETVoPXXvyMDYC9oLnke8HgC4Tse	TRX	il_mod_crypto
TBvub4tefF7pNr3UazUCvFMJbpVhcfAAc2	TRX	il_mod_crypto
TBwTnC5UZXKWDM538VthWj1g6neMmhKqQj	USDT	il_mod_crypto
TBwghbQMsBC5xcUxE7ZpYXhfDMXZAfiFv6	USDT	ofac_0xB10C
TBzrXbp6FcYpvUGUDw9GEoHs59siCnE6sp	TRX	il_mod_crypto
TC3gpHm8myDWYcE14gwbzY76eJD8Y3otAS	USDT	il_mod_crypto
TC4VsFHJdZ66BdwobZxkudVZBVmQZgCP65	USDT	ofac_0xB10C
TC5UNu3LGrjjVCuLNDdVgjm4oL5cQAyFRZ	USDT	ofac_0xB10C
TC71Nb9mtcv4vPezL8KEKvUs3aKoYwiJZa	TRX	il_mod_crypto
TC79XFhLcFFP5AojzJEheFySZkyT4DLpQr	TRX	il_mod_crypto
TC7VZ9F3v34byjjdLN9t9c3juzfBisPE4u	TRX	il_mod_crypto
TC7xjd5tW3D6A9BERmub1SkbhBhw73pXV9	USDT	il_mod_crypto
TC8axQvzJEVR3NKN6mZnJtGy7537GEmh38	TRX	ofac_0xB10C
TCA7AfTSuDmgYk2VaezfPuZF4Z4X8wxwcQ	USDT	ofac_0xB10C
TCA9vmjsYw9MtPKEwRBtGhKFRfr4CLxJAv	TRX	ofac_0xB10C
TCAVvaJxeFhBSJZHcc3mEBLMuxvrqt4Uja	TRX	il_mod_crypto
TCBQid5aFnqkcCT4t5UYctPtnimGDSYns6	USDT	il_mod_crypto
TCC6uZUbP8L3vNJg68Zpf4JU87qqa9xipP	TRX	il_mod_crypto
TCFD8N3vM5b4Gr5f1kkajQsodRVNyyAq1d	TRX	ofac_0xB10C
TCG5LT8GZu9xedHbfwo2Mea2nJJbi5QGTv	TRX	il_mod_crypto
TCGqX4FwKWGwWBhji5MyYF5QPQGGPgiELi	USDT	il_mod_crypto
TCJnH5XVhZRnst4esZC1dyb5VcqErVxWCK	USDT	il_mod_crypto
TCMwFA3kv33zKaARnB7NT4RqG7y3ya21Lt	USDT	il_mod_crypto
TCNdE7yzZEpBJmcrghfxPKwt8zDWxZsPxq	USDT	il_mod_crypto
TCNku13BsaKFV4EtrrfHg7KZG6prJPJVUa	USDT	il_mod_crypto
TCNnWUTsonN9UD568mNEcBJm6vmniuXJnN	TRX	il_mod_crypto
TCWMveoWyAwkCthHC43nfgbtmAfPGXYhQD	TRX	il_mod_crypto
TCaRTRVpR6eT39reL7LbWgGqTweQfzNAuv	USDT	il_mod_crypto
TCkrXikaXzDgXHTzh9nk24EYxZsbQJK6o9	TRX	il_mod_crypto
TCqZhN98DHuGs4Aa8gbe5kswQUenLiH3aw	USDT	il_mod_crypto
TCrvaaFooU3tamGeESNQP1AseBJpeahrn5	USDT	il_mod_crypto
TCswxXvZetLwiZyVuHiunoKdX7bzSZSt3d	USDT	il_mod_crypto
TCu5onCzXuqxjvVzdB2tR4FLuF66d4yRqf	TRX	ofac_0xB10C
TCvMMsShKX8vHUxx1GbZ7jf8TRbXDmVfMG	TRX	il_mod_crypto
TCxUxp3fve52ZYTTG48Y6ecskKsZAMw2Nd	TRX	il_mod_crypto
TCxdGVE9fKdjkPmqtoULqBzmzsK8rPpF9U	TRX	il_mod_crypto
TCxmCKgpCDZURrAaQ5BjmcLDGZfTAcSeKP	USDT	il_mod_crypto
TCydk24r1DAVkdvDzYhUQruT3aa9cFrGrV	TRX	il_mod_crypto
TCzeYLYU8zSh2VsPjH2BxV8vbt2UwNUN6X	USDT	il_mod_crypto
TCzq6m2zxnQkrZrf8cqYcK6bbXQYAfWYKC	TRX	il_mod_crypto,ofac_0xB10C
TD3AagFMUJsAzQrn1mf45Ks3YK1fM1M5Nk	TRX	il_mod_crypto
TD7j5eNShnrSsGb3of8vpe1XXfUNrheeFh	TRX	il_mod_crypto
TDAegnxRRBVuRFJ1tkpmignshcu12nfoQF	TRX	il_mod_crypto
TDEAT1N71v7si2k8uH6ok14FgYCSnv9Gaa	USDT	il_mod_crypto
TDFtJtyLPgN3oWUoHh23oJox3T5V5nR11K	TRX	ofac_0xB10C
TDGzX59t5ePLJgNw2hPuWLAUREh5rVgRxL	USDT	il_mod_crypto
TDJ5yNt7JbG4h8qH7pKMcd8A7F9Zckhmhr	USDT	il_mod_crypto
TDJbBymp1E7qr7wFSdo1c8SUbxLH9pkpag	USDT	il_mod_crypto
TDNKsLvsY2iSznyghddXz7ZDRc4X3191Z8	USDT	ofac_0xB10C
TDSRXbcKaTNvSiqYUaP8m5cVUtU7rSbfy7	TRX	il_mod_crypto
TDUTSmtJkPReweXCv4zjLfZE5ygPZPA9vN	TRX	il_mod_crypto
TDX3tFFdWFwhBP7Cf5gJRpADpUNxQsys6m	TRX	il_mod_crypto
TDcMZ5aSeMYrjtKs81wTZDpGG28Pig8ToS	USDT	il_mod_crypto
TDdbRFoBTEmE3qiR69Y6rKRSG1hoF65QaE	USDT	ofac_0xB10C
TDe2UNAvuUnTbbDo7518eMe3TXN5qJW8Ft	TRX	ofac_0xB10C
TDhjPZsnFuvFa5th7xmEaChoof2HV4Gd99	TRX	il_mod_crypto
TDkMsYLnoGCd4xsuEsFrHP6i3B32xXujRv	USDT	il_mod_crypto
TDnytyeHuRrpQ2wbpDot8io92bHs78XrMv	TRX	il_mod_crypto
TDprk9jeYPVm6khkBp1u7fwuyJcEJFrPWD	USDT	ofac_0xB10C
TDwN1Eq62bqvVhfGAjdRRJjE46jsi5KNMV	USDT	ofac_0xB10C
TDwxqs6Nn62mic4UPRaKzW6JUKM5wDW3WY	TRX	il_mod_crypto
TE1J7fdDТtkbNPAU3Qcbu68D6TBvizcoЕC	USDT	il_mod_crypto
TE1ujDVmVuZgdBBedVjUYSqYgQfxkxoCid	USDT	il_mod_crypto
TE3mCcPULjPUE7ykX7RArDPAhyahoy3d2j	USDT	ofac_0xB10C
TE62WpuYZqfpcTjS3yTjCkJmPQvvpVYtfQ	TRX	il_mod_crypto
TEAqwfMhXLaomXhZ8KeMhx3njGmQEDnsUR	USDT	ofac_0xB10C
TEAzmGvAA6dWAh9nM8mnbMX4YgVi41SEob	USDT	il_mod_crypto
TEEYCuGDyeNkuDj4u6GQRXxXo3Nh29r2vP	TRX	ofac_0xB10C
TEFph7dZoUN5233cGEzF6XFwRpjPF8fQDS	USDT	ofac_0xB10C
TEHamYhtfqZgxoHDXFJ7WyzvmuxuuJ8Jn6	USDT	il_mod_crypto
TEJHvTzJ3JqFYxvoq8LCeHFob4ELEjB9YX	TRX	il_mod_crypto
TEKNPveQfoWTMJ5a6EuEaDhZRyrE5tLknh	USDT	il_mod_crypto
TEKWVjLfq6RzJYSX9Ehrg7CNhTFP23ptZV	USDT	il_mod_crypto
TETZBHSy22wSaufVE1GhNBiDdTYGBJ6aZk	TRX	il_mod_crypto
TEUk9cTheXr1CoVgcVqc5j8ifAzmHkxJai	TRX	il_mod_crypto
TEUxFqcaFNfbQ7DfLiBPa8sBc14LdySAic	TRX	il_mod_crypto
TEX2r8REzxQ9UvXCbzx2wkHfE6Vu7nDwte	TRX	il_mod_crypto
TEXsD49JGEaM8qgBX77Xuq3wxMKiAyWHNX	USDT	il_mod_crypto
TEYJaG5RcYQv2NAAob4cRLYG7gDmb3p3Au	TRX	il_mod_crypto
TEcuHDQthTmULe8fFLUccBPpjfXaTmJuuD	TRX	ofac_0xB10C
TEkgPgzDP2am78PYShj4bhM4U9N8sD8Khx	USDT	il_mod_crypto
TEmYgJsS6D6ZygdAAdp4jFmfXTTQrzCvEY	TRX	il_mod_crypto
TEpN1gvTEYx9Wx9hLKo4NkreQ1qmSLpxWY	USDT	il_mod_crypto
TEpcJNDfof4bad4GEse7T9hr597NTCb1So	USDT	il_mod_crypto
TEqaZXk95Lubsc1WTksbdXK6bJr3jWabgr	TRX	il_mod_crypto
TEtJTCuFEzY6jjVNzFtbWGMfrHzfE2aGKU	TRX	il_mod_crypto
TF3S5yt9kXtnsGWPgiFjZ1LQjLsGmWzTgD	USDT	il_mod_crypto
TF3m1GQe7Q9ThUVZUEmtrABgDdgQ2YU66U	USDT	il_mod_crypto
TF4J8Gp7zbS8NA3HLuxsLdx7Ebzr6weCGn	USDT	ofac_0xB10C
TF8LXVdwHa7qYFvVB2A987gNpELFYDy6JG	USDT	il_mod_crypto
TFBmQceiPDgV6xPu9YYYYUDhWybr4VGSbf	TRX	il_mod_crypto
TFFvv7NAWmbcVfA7QN81mMvUC25TWj1WJx	USDT	ofac_0xB10C
TFG5CfiCLYVQzJScΥXd91xzr49njbyRaw1	USDT	il_mod_crypto
TFN7JmAAqoLruN4v5p6mqBB7cDzXynogC8	USDT	il_mod_crypto
TFQZpueb99fwRtKTa9NwRCjLyqiCP3MGHM	TRX	il_mod_crypto
TFR1tsGZhkiMYQv1t8uMWPgXFGBEajHCGd	TRX	il_mod_crypto
TFS7HvL8Y7zWoSR6FroD9SGiKCpWTZLLLX	TRX	il_mod_crypto
TFSbeTdmykTh7N6ZjuRfcC8Sg5wxe8c1z5	USDT	il_mod_crypto
TFSrhckEdt1jCDc5CwWyqzDhuuWtCauh9S	USDT	il_mod_crypto
TFWTGjvwu1eziL9W4oSu7Jd6rxk4av7UNm	TRX	il_mod_crypto
TFXGYjZhsTLXz6ncMxkVQfwdpJG5LoHcvZ	TRX	il_mod_crypto
TFbQwFuFfuEjkTdR217kJdz9F8XugLx4oZ	USDT	il_mod_crypto
TFdHux43bs21qRsygv5WQWfgtbQeT6nXey	USDT	ofac_0xB10C
TFdTr9C3BqQrzKBXqSxJfAZFTh8UwBAfSg	TRX	ofac_0xB10C
TFjXKz7qmPgr5F4tC6WuamLeMzDhX4yC55	TRX	il_mod_crypto
TFmvU7aWd9ML9oMYyHd1tRyBRA5jZWA8aJ	USDT	il_mod_crypto
TFp7dB2DffiBzfoVTynjVFqShBS7Z7wX3r	TRX	il_mod_crypto
TFrH3dcpnR3tADrAcfyJwiK4brsgf3B7PG	USDT	ofac_0xB10C
TFurWgnyNMq9bhLrLoT9FGnrLfAL2BtR5R	USDT	ofac_0xB10C
TFwjPScaJRCbSWVAywE1S1WgaUgSnyYUbD	TRX	ofac_0xB10C
TG1xjFTUFYeDHQxvKoCUo7fZ9t6nxd1iys	TRX	il_mod_crypto
TG3uaqqDc1KRpSsKgsj9C7bNS66WvySbVj	TRX	il_mod_crypto
TG4YsqEynLqov2AR5gsL6MwnP6H4cs2YNM	USDT	il_mod_crypto
TG7YAAmZ5ALicdhuxKoE3DqnuBPj2zgG1Q	USDT	il_mod_crypto
TGAK3vZPVK5jp1wrmUu6KpaV74VKezMVxV	TRX	il_mod_crypto
TGBWewkqdGPa1AuLrSF3bBGh8nZzBC7QET	USDT	il_mod_crypto
TGBYT9Kfs7Za2yWf2TCka5kZq942tKPUAq	TRX	il_mod_crypto
TGD31KmBo2ZoTC53abxYKzt8YEjyT5b4qU	USDT	il_mod_crypto
TGDaYNWFXi9HJ7NacfETF15vhUH7eRhKzt	USDT	ofac_0xB10C
TGHP4NnEfAtn7aKUshq6ERZNisW5muUVHm	TRX	il_mod_crypto
TGJVc32ig2u8tQsYMLE7KXHT5NDQroaVNU	USDT	ofac_0xB10C
TGJmdXUt5mJW8RbM2LEWQdnyMwwF98Xw53	USDT	il_mod_crypto
TGKgLatirRpTugS6wgCUKerjLbzWKXAVqx	USDT	ofac_0xB10C
TGLxkBZExSRbQex16kBCaPFFxzp5f7bojD	USDT	il_mod_crypto
TGMFaAXH15oaW8MpcNHLid6NbMKWaaNPdC	USDT	ofac_0xB10C
TGMRPZ5ncwSVYQ7GqUoejN1GMe19F8dsgY	TRX	il_mod_crypto
TGN9S92YLBCiCCH5XuKpdDTHwACZL3e1jr	TRX	il_mod_crypto
TGPpUijtVSBBq9e1yKKkx2N84YKmZEAjsc	USDT	il_mod_crypto
TGRZZsD8gxahF5oE6C7K8LLRHqQzoPa5bX	USDT	ofac_0xB10C
TGRdYen9qbfZGRDtvpGF7XGCYYWfpCPrQj	TRX	il_mod_crypto
TGS7VL1sHwGnufrQA42GhqHntwcyfNfdt3	TRX	il_mod_crypto
TGSv6fGeiZbWA1jBdsgkGLumtqp4wFXxzq	TRX	il_mod_crypto
TGUPpmW2bAnMCLe5ih2CFisfCHk4gTFDsx	USDT	ofac_0xB10C
TGXE9dGWawjfd3xqFSho1h1bRbRv9wUGrF	TRX	ofac_0xB10C
TGbvpVjCXgnndy5AHk2C88FXYZ3TkM4qpB	TRX	il_mod_crypto
TGckaiamj5NzaYx6Qp6Zu7kahuHArzUo99	TRX	ofac_0xB10C
TGdpkwNVFjw2DnbHBCFKLvCygPVPz9w4iM	USDT	ofac_0xB10C
TGfH7imvH9h6yxusNNPkkwrDzKCg7kFDTf	TRX	il_mod_crypto
TGhZ3tPL68rWdqfFivhksoRgEp6uwvG1N7	TRX	il_mod_crypto
TGkBb7VadtbioP3XNAFJaL5SKqyx2Ws8Ua	TRX	il_mod_crypto
TGmw6hyZ7fw4ySZji5QmjKVJWXFP8Kmddw	TRX	il_mod_crypto
TGpNzk9noyvCCdnFPuSg5cqptPs16LjXZq	USDT	ofac_0xB10C
TGpQhSUmZtABALaGH3fJMAob2rmZC9GWHT	TRX	il_mod_crypto
TGsNFrgWfbGN2gX25Wcf8oTejtxtQkvmEx	TRX	il_mod_crypto,ofac_0xB10C
TGtpnHgW8gcfzRj1NEkLXR9AbN8WWLdJ2p	USDT	il_mod_crypto
TGyqSiNR8F4g7HCj9p8s9dYjZ3UuYnDcnx	USDT	il_mod_crypto
TGz6F8TkTAoKVv7mTsNx6AqMn1m7hy27cn	USDT	il_mod_crypto
TH5KvTTp6mFPUMfPjDNcWi6mwuHHLm4zP8	USDT	il_mod_crypto
TH5n49Vv8DoR1WUPbwYVaDUTHa8vPspW6D	USDT	il_mod_crypto
TH6wGjJZyiuHBhwv8rehAaDSER78DjPVQ8	TRX	il_mod_crypto
TH7g1pPBVZMEg5etNLUxma8B55cSTD36JK	USDT	il_mod_crypto
TH8d32LzX7oJ5Fj8egzPKToMQ6VtjoodDd	TRX	il_mod_crypto
TH96tFMn8KGiYSLiwcV3E2UiaJc8jmcbz3	USDT	ofac_0xB10C
THB6eY4f85GUab3hdXHhNb53AX1vRzJ83s	TRX	il_mod_crypto
THBPKbkuVSxNG7cq8bAvicrTm2YpMMZVKQ	TRX	il_mod_crypto
THBbtkYekMN5MMXrᴠJ48PM3kdte7VikjΗo	USDT	il_mod_crypto
THCVcSevbe2XmhfSfeDAHEE7UUoZTQAD9a	USDT	il_mod_crypto
THE5jhvwdpKDcgbkN4QAQntzsrQV6Ysz9J	USDT	il_mod_crypto
THEQTsqPhRDDfgcfBW5npH5Lr9PZhpthrf	USDT	ofac_0xB10C
THHb5iMAbZgQYY19h6uY66y5xt6e11gcZC	USDT	ofac_0xB10C
THL7VtZrHia3fm4UqycAUC8JwodjSqBVxx	TRX	il_mod_crypto
THNdB4SiwNGibexaigr4YYTZzFRXZGAAox	TRX	il_mod_crypto
THPopY1MtT3Hsd7YRN8JHNpZDWUAqDQBYm	TRX	il_mod_crypto
THUqqeevBQS3EYordDJKwp8DLFknesnfCD	USDT	ofac_0xB10C
THZCWkEbURJcbDLDu6cdDCVma3cihGoHEo	TRX	il_mod_crypto
THaUuZZ6PMHnLong9GTnpNFi6BGo5BaAmt	TRX	il_mod_crypto
THfQd6TxV6s3cdw9sWa2aDvgSYkBio5aEf	TRX	il_mod_crypto
THfub6BYvY3hFXanX3LZgm3wyHVXCJaVWg	USDT	il_mod_crypto
THh5woR8qfmDsNknQ3agPYzQSiRtMnKsTh	USDT	ofac_0xB10C
THi8LEDyNWVtLMqy26HyTPoLeKLGNnibKn	USDT	il_mod_crypto
THntLx9amh5AuAQjXVb3EETRULqFJiyX36	USDT	il_mod_crypto
THob8vRrpDybXeqZDj8ukQhMjJVJ5nCbTW	USDT	ofac_0xB10C
THs7n6AhwHsPXbuCkQSMjG9Q965wfQBgbS	TRX	il_mod_crypto
THsPCpqBmmi8CzMWvQ1Zw7cMZaJ77hnmVW	TRX	il_mod_crypto
THuvw2pY2GSBmDewHKzahQum2yUWHJeJKh	TRX	il_mod_crypto
THwBTFLnm1AE21jK5Vxn7ZQcbwSeJYsXgr	USDT	il_mod_crypto
TJ4WNKttXS4RKkCS8whtGTTETSjLY2v6Nu	USDT	il_mod_crypto
TJ6XWZ7jxPQCbgUHMBcWAC9gRmD2zDgzKo	USDT	il_mod_crypto
TJ812KESWjzJZGEWBPFCu74Js5zQS7jN5A	USDT	ofac_0xB10C
TJ8MRj19a6BEM5zHUjkaDgLer3tJtg7GtA	USDT	il_mod_crypto
TJ97cGBXvXVruHiwyAdWgv7ZcAnnoox7KL	USDT	il_mod_crypto
TJAcz547H7FTGCQrgkbtHib5h8f5gR2kuc	TRX	il_mod_crypto
TJBg9SxwiUUoqJGk18vK9avxkuV8GrKMK7	USDT	ofac_0xB10C
TJFA3AqnkgM55rvRCpZgy7fb4MX7UjyHrh	TRX	il_mod_crypto
TJHYdjgVԜArHcFF3QDtR7ygkХh2yENJ9Ef	USDT	il_mod_crypto
TJKofAGPQ2mSmnPwugN79p1Ceu39KBZyHC	USDT	il_mod_crypto
TJSUmTC6Jfyim9wSmrUPNPxJxnJXsGpvCU	TRX	il_mod_crypto
TJThCjUk2xxMjz1iVzmyF1zF4o5jMGgeEN	USDT	il_mod_crypto
TJW6vKkVKJnNKTVVXQizMivQgmok5WQSXN	USDT	il_mod_crypto
TJZnMKRAXWqhewxDUGvsfaoe8exUjHPwA6	TRX	il_mod_crypto
TJd9M5KxZYadNVsGWBhHCvz613xJXeoNhk	USDT	il_mod_crypto
TJdTWNG8YdADcXHZg9ea1hnrսNdMN5i4p8	USDT	il_mod_crypto
TJdX83eW28zoiFgD3AH5WHN4k8XKBzY6JP	TRX	il_mod_crypto
TJi84PYLCQMyUJhYpb3UYMjLq8uaJc2C6S	USDT	il_mod_crypto
TJkBr9TZ1xBeJoF7RNWqyEMbYqVJ6fXXHR	TRX	ofac_0xB10C
TJn6CpB4gKh6xeXWC2P9fUdgodVbEeJkNG	USDT	il_mod_crypto
TJnYxvBHyoZT9GsGGaHzeQxvrGz743k1gq	TRX	il_mod_crypto
TJqPocniAs5fyauqLgmRJXdKdfgFGjMTRA	TRX	il_mod_crypto
TJqh7J9MnPMSG6cotxBYUsNdQ6eufk8W32	TRX	il_mod_crypto
TJt2DZfVsSAK669i4euZ1ybvPX66tUGmTb	USDT	il_mod_crypto
TJyHmwD7DKSeaJgE5xKZmmt87cyvsbSAk9	TRX	il_mod_crypto
TK17wfSPp32RWrnzZPrGpv7TxdNFvvvE2s	TRX	ofac_0xB10C
TK1FfgAzqqNiht6AAbJ9gw3na6qTxT95Q1	USDT	il_mod_crypto
TK24dkq4AbwQBh8bwtJuLa2embZv3hGyFf	USDT	il_mod_crypto
TK2qsXyDvRiCtgDvxeC6ndkqY1zhPYG8aa	USDT	il_mod_crypto
TK3JvoD28HYBz3drnqCafMYpBVgt3N9PT2	USDT	il_mod_crypto
TK4c76dEE6whmEw3yu57YmkMPGD8qacagX	TRX	il_mod_crypto
TK6eMp7DKr1YdA282HmdyvDKMbn6qvRVvP	USDT	il_mod_crypto
TK79mQthuumJCGf9Ua4mWUUgBRS1hNBKdn	USDT	il_mod_crypto
TK8qQuPSCeQx6AKuqHLX4xycSVFNXGVWQy	TRX	il_mod_crypto
TKBmWXPYm4WPedvcBMEqNVEt7EbK3qWeXB	TRX	il_mod_crypto
TKFmsWwzDk8vqnKx3BQ9DJxa4dQqbpPQg6	USDT	il_mod_crypto
TKGvt5Rxp7CvZKkd7mjiL4cjqNkqzyQqFR	USDT	il_mod_crypto
TKJ3bK3NpLpSffjjfzE5akirddBLxgXVRT	USDT	il_mod_crypto
TKKZae3ztkg1wUK8qLxAN1ReVjQPRjtVCi	USDT	il_mod_crypto
TKMN7w6fvxgMqHVLrDtpBSPRhNagUni9Rd	USDT	il_mod_crypto
TKMWbz1VsE7zBQmQ6daFUiEoqfT3z8ZqBE	USDT	il_mod_crypto
TKN41so8hy3RgU9d1WbGdt4sqfiNAGfWvr	USDT	il_mod_crypto
TKPBLikDNdKDVgo7HQPKvGUBAbDXAYhrVX	TRX	il_mod_crypto
TKQPjubqsh8AJ2APvEANcrcLGhcduiGxVh	USDT	il_mod_crypto
TKRx97Segu8hRqHTCLj9xNEwMRo9ANt1fA	TRX	il_mod_crypto
TKSter7ADnpMtoXD7TFe8zXxEEsMv7aEPe	TRX	il_mod_crypto
TKb6pfHUJJpH3XwdgdmDoKoLHvzUP5XPyx	TRX	il_mod_crypto
TKbSQ1HfN6eoSJe9SFMffCMsQy3Df5xHU5	USDT	il_mod_crypto
TKbz1b41yjdbs5Sv5L3ErbGSJaWRMJB9do	USDT	il_mod_crypto
TKcPMYyy2BkVCUEoLgh22KnhzYPuYJt7hv	TRX	il_mod_crypto
TKf6y2phzjMaZ9yCJevxd656v9BwQh5Ux6	TRX	il_mod_crypto
TKiBsUqd5ixPTqVWVp5BdDCHvoR7nwfMn3	TRX	il_mod_crypto
TKmhHzCG4bhJW12WfjNVcsA8rqrQ9UCXgF	USDT	il_mod_crypto
TKn1vjzxuJG8T49di18ywz6TXFmWu8w8dL	USDT	il_mod_crypto
TKrsyPEiBHxrKPu4iS5noy8oXtsUr9p1DG	USDT	il_mod_crypto
TKsfwynMRHPTtCJCqUEx5DYQ974YtKhfnE	USDT	il_mod_crypto
TKvDoaDgRcFpLbHxnrERMSuYuPoEgYNZo6	USDT	il_mod_crypto
TKvc5iw7hMS2TLXbbX2wTyHaGPw96gQqWG	TRX	il_mod_crypto
TL1k1U6SHohxBqb68kCodxHc9y2LXoDSep	TRX	ofac_0xB10C
TL1vvDYRe3FY3ymiZFbeMxaDem35wNyuZg	USDT	il_mod_crypto
TL2UPnqfgF8QUf5zX8iQPbLGq2GHYkAds7	USDT	il_mod_crypto
TL5YZusTAiWDJrz1FRsgPqihMMpTVbE7Q9	USDT	il_mod_crypto
TL7jWVm3vhUmnE29tcg6DyDkP1CWPHeBFj	TRX	il_mod_crypto
TL96tcqQxjGB8aj9Senxqbi8CfsMc4ycT4	USDT	il_mod_crypto
TLM3zA3EWycoDX4ZX4gKze7sgfbdkntTum	USDT	ofac_0xB10C
TLNRT524dzL5FF1nJHDhYEMFpeWjLjRbz1	USDT	ofac_0xB10C
TLRMHPjLGXsVpD9RVzSfat6zDiVDrd4b4w	USDT	ofac_0xB10C
TLRUmf6FFjjzZ4UMxTSddzCVoMm816fSgF	TRX	il_mod_crypto
TLRfxpGjHqdzjd56VidgWo6oFRkSwQk1m9	TRX	il_mod_crypto
TLT4WWjyPnmHMRAb1gowQfJ9FzWdJn8o7z	USDT	il_mod_crypto
TLaQu2hjtQx8BZrqBaSoRfwk2m9uV5uKda	TRX	il_mod_crypto
TLbCdStwрΒihH4k5QQbvoBEWfZdnuWGVΕb	USDT	il_mod_crypto
TLe7MPmLAHw43sdApT7U4LGE8M98vcDaJM	TRX	il_mod_crypto
TLgdyCE1M8cCAJ23g6DJXF7b2inZ6Zeqfm	USDT	il_mod_crypto
TLh3MvDyki3guvZiZUgw2Fupfv2bP3t4vf	USDT	il_mod_crypto
TLiskxkeSyr3z45SzCK6JH8astFHqwRd5c	TRX	il_mod_crypto
TLj8S8tWyuerPMkVx4KiAuzbDJhV9W99Ur	TRX	il_mod_crypto
TLjzbmnkxiUFdp5caQfATdD6JBoXpHTqJx	TRX	il_mod_crypto
TLmB5EYj3Uy1TBgipSSkNiTkp5HVe7qveS	TRX	il_mod_crypto
TLrersfFyLEVGKPvo14YWzfg6Ezp7ZrhuR	TRX	il_mod_crypto
TLtkC5Pgctg2KMcfg2LBok3Mi2dprVc8WT	TRX	il_mod_crypto
TLvuvpfBKdxddxSsJefeiGCe9eVY8HUroE	TRX	il_mod_crypto,ofac_0xB10C
TLxUtCofV67Eg5MLwMqaYqUbYLicR1ceXc	USDT	il_mod_crypto
TM1ao7KDV7FmDwoj342APGJJA5mM51vrp6	TRX	il_mod_crypto
TM2oFJftWCbu2urgqjKsJN8vxNEc1Jez6g	TRX	il_mod_crypto
TM42JwMQNQSC7gsjnxSKwNdEJozUCU6pbA	USDT	il_mod_crypto
TM45NsDQ1YUMMHosa2uK5FZbxxggNzxSys	TRX	il_mod_crypto
TM5CEDk1ᴑtW463dN5ѕdG33AeрvDBYM4KLm	USDT	il_mod_crypto
TM5pvzwm9h1Dpu6hAiLn3vKqgG1dHkzLTZ	USDT	il_mod_crypto
TM6Kix9wH8cYQ4rLpFifsQ4ddH3rPX3f8p	USDT	ofac_0xB10C
TM75N4dnJEjsHFSMPvQP4Srboged8MWF4d	USDT	il_mod_crypto
TM8PjCzv71EakELjVHoqsZY2aRHoPU8nr5	TRX	il_mod_crypto
TMBqkNa9heMN3zeeEEvaWFtWKeJyWBWYpQ	USDT	il_mod_crypto
TMECKT19hfumcK3KqQKbhxkn1ohyeR58xu	USDT	ofac_0xB10C
TMEPb4KGi3KaqjQmsTFekncHhguM4VjbMS	USDT	il_mod_crypto
TMGLqRQ4twjW8wJhVH1mQR7nUThpGHUsN3	USDT	ofac_0xB10C
TMJRvUAwpdw67vNuQFH15q34zK3myPgFRy	TRX	il_mod_crypto
TMKe9i1J46K3YDx5NjtyRTg1VDjbBhyfyJ	TRX	il_mod_crypto
TMPei4UcPjmDfrWUCRrq5fC9Vsjv9KLuM9	USDT	il_mod_crypto
TMS54Lx2dMFwJvJf2xNEdNMX8snbRZBTL5	USDT	il_mod_crypto
TMStbg5fgb4uTV7fK1gEYF9hKAzP3siPsG	TRX	ofac_0xB10C
TMULwEdBRAd6f59NVom9gFH8EL3WRVfzpM	TRX	il_mod_crypto
TMULwEdBRAd6f59NVom9gFH8ЕL3WRVfzрM	USDT	il_mod_crypto
TMW9KQcBGPMtLjqGY5TNoj1PEJpFJ5tvTE	USDT	il_mod_crypto
TMWkK1qx5KR6cJ1jjSqQsNUik3bfPDmhpf	TRX	il_mod_crypto
TMYPgVHM61QdY73ttgEKstbSR3vqoXEcZ9	TRX	il_mod_crypto
TMdbTohWtuRoqEtGExSQq5uRNjLV9ijxFH	TRX	il_mod_crypto
TMgnRWb9xFMtktny9Lzty21QYLLQD93ft6	USDT	ofac_0xB10C
TMgzfQbWg21inc1KtWsqsdMbYEjWR6ncNC	USDT	il_mod_crypto
TMiQRf2YQFkTPGEHrZmNTjYbWkbpF3cMC6	TRX	il_mod_crypto
TMiSGhXXVsvJzqwGbwAsGiFxWg2eALZoM5	USDT	ofac_0xB10C
TMk7amDXHxL8jTN8LDJEeK1uZt4dzG7d4g	TRX	il_mod_crypto
TMmEYcSL4KhzJuYpRH16aLsG16YoFyYKUq	TRX	il_mod_crypto
TMoFRbRQVrxxJcri9Qtz8z944xLaYBaHqY	USDT	il_mod_crypto
TMp6iM3hUHGgYyTtEcK3FMYRvj5KFDGPf7	USDT	il_mod_crypto
TMq5PxBog18RbrenbSPJaKFpu9pVcFrbfZ	TRX	il_mod_crypto
TMuCgBejD5RsNANZdjGtaM3YyKGNgDoy7N	TRX	ofac_0xB10C
TMy7UWonVxDTDC5uDBxfYhKRKr9M2BF5UT	USDT	il_mod_crypto
TMznnujRXPoKUL5RU2bkhT2qo7Qrfx2gc2	TRX	il_mod_crypto
TN1DoZq2aEmzwyDdifY2DJ2fACGcoemDJq	USDT	il_mod_crypto
TN3GiaqYouqqSDnmnWYREMwKpfTihL7S7B	USDT	il_mod_crypto
TN3Wc7f3qFLPSgCrpeDvUxuJka3pQDF6F7	TRX	il_mod_crypto
TN5fXzNhGW3vCUijECnXgiXhChqLJA4Da4	TRX	il_mod_crypto
TN8xwCHhM5zgrTHVeEBmLbwf7zVYTyRGhV	USDT	il_mod_crypto
TNAGa4B4YRAS58fH8eaAsX4qRxtSmFArTz	TRX	il_mod_crypto
TNC3WkhaP2tVsQLQQXNBQerbGg5vUoqKNe	TRX	il_mod_crypto
TNDjh6WGLYyWmkh8vfu42bXVHUqFNQ3rDq	TRX	ofac_0xB10C
TNEKEuzfg9BiaQtQKBGSJoH9CVvJphzoLP	TRX	il_mod_crypto
TNT8WTuCoPwuYzScrHwbv5Wzw9XBwu9u3q	TRX	il_mod_crypto
TNTFhgFoKH4srBMiWbfrVFqP2AThSmdwf1	TRX	ofac_0xB10C
TNZxGWCwvsHr6JxQxzoeDXV597Yf7Zb7nV	TRX	ofac_0xB10C
TNaNVnZFNsuWeZhBMMMuX9a9MevPZcnwvd	USDT	il_mod_crypto
TNdtkR5MsqCeEdB5JBpve4UW6mDftyYNYB	USDT	il_mod_crypto
TNiq9AXBp9EjUqhDhrwrfvAA8U3GUQZH81	TRX	ofac_0xB10C
TNjV9n6NMbmyAjiUUBPgXAphbr5Yq7wEL8	USDT	il_mod_crypto
TNmRfnSUXZoWWzxcDDbf95eGQYXt1mJDt8	TRX	ofac_0xB10C
TNotPaNu81PBzd4JVPYDH3SukB9TZ544Xp	USDT	il_mod_crypto
TNrX2FwrHKoo4XACGkmSzqeK4pdnKYn6Z7	TRX	ofac_0xB10C
TNuA5CQ6LB4jTHoNrjEeQZJmcmhQuHMbQ7	TRX	il_mod_crypto,ofac_0xB10C
TNuSHwQnCFGP3DGS4LykeHn821ystJMCTK	TRX	il_mod_crypto
TNutMPVfo5mVCC2j81ZWkXXzdRJrMUeKuU	USDT	il_mod_crypto
TNzCTGvHg4ssjxoHioLkUYCEwnJDPFVNeT	USDT	il_mod_crypto
TP834zaucGKtAVjJPc9QQQkz5ses87KEf8	USDT	il_mod_crypto
TPAcMFqkaVufH3wNso1Jdvm8HzUnK46PWM	TRX	il_mod_crypto
TPCF6SSq27r1E542GiaCmxzgunjoa7bnkb	USDT	il_mod_crypto
TPCQLRv6Bepnd5oPhXtrs1iHpSLchuHAso	TRX	il_mod_crypto
TPDLpXxPcaSsupEZ3yrVksmNkYP5SLeKxu	TRX	ofac_0xB10C
TPEF7HdErBMG43nsrxfm2daPNVBaFxHBkE	USDT	il_mod_crypto
TPF6cXLiatHpAUBN8p5m8tNQX5dhd4Kh2J	USDT	il_mod_crypto
TPF9UQhqpV18BPWg5xo6MeB3h8t4iEg9gP	USDT	ofac_0xB10C
TPGPpBcVrKZgqjEhqDiLRmDNxHbsEvpqLi	TRX	il_mod_crypto
TPHfJ1n45xuko5PmiM1HQ5TNL3gwxMroBX	USDT	il_mod_crypto
TPJ1JNX98MJpHueBJeF5SVSg85z8mYg1P1	TRX	ofac_0xB10C
TPKFo86STad1Eg1MhDeoyhf5g7wivLqoոF	USDT	il_mod_crypto
TPPR7e8hGC57dexrE2jy1f94wtuGyVP6Dp	USDT	ofac_0xB10C
TPV2rmU42Q7vgteRNnc9rKkmXT5cEgGTST	TRX	il_mod_crypto
TPcUZYthDfxNsHQnZZGBM1BDNBeNSjfPZE	USDT	ofac_0xB10C
TPo3JyryRcQ3uhBWexeYhtkpMitsUwY4uB	USDT	ofac_0xB10C
TPpRxpTw3Mn71rHzStQfjHB369zxHYqQiz	TRX	il_mod_crypto
TPpX5uZ4wqLhBxEaUiaAjR9c1GscLTY5zJ	TRX	il_mod_crypto
TPqThVokmuZ6LsP5wTixBtb4P5LQHX9Rkv	USDT	il_mod_crypto
TPsxEKAwZnNcenkchJK84YbYHjvnboemD7	USDT	il_mod_crypto
TPukKcTqUNLGV6GTgmoLLQSeoJwSo2x9Ak	USDT	il_mod_crypto
TPxCncCWLUtRm2ga6NMrPKfumKuQ3zoWXR	TRX	il_mod_crypto
TQ4HeWsnzXexz2UKY3Ef94xg3rnWkawirR	TRX	il_mod_crypto
TQ5H49Wz3K57zNHmuXVp6uLzFwitxviABs	TRX	ofac_0xB10C
TQ5K2QbGm9H8KXFTkWk69iEFZMGiQjuRxX	USDT	il_mod_crypto
TQ5mpZPbQMSq2s1vSM3RJgiB1AsTsiTpFZ	USDT	ofac_0xB10C
TQ94t6LJc8p7tD4LuXRgniWB4Zc47C8oty	USDT	il_mod_crypto
TQGZKUt18yLEGPHJhYR6vFkvBVUqHaMTET	USDT	il_mod_crypto
TQHFdrpA5v4LskwQ4jLQZHntKpse9x8q3X	USDT	il_mod_crypto
TQKQ4ntejdYYJpuYkFz8oCSDoXW6RKRDdY	USDT	ofac_0xB10C
TQLoZxoAu2arL3jCyz5ToZf4gqkmvXxtTy	TRX	il_mod_crypto
TQNXeB7ZASyy9taFh4449DJLnJfcTyRUtR	USDT	il_mod_crypto
TQUj1zsD1L2nvem4a4PoLFbG64HyscVa38	USDT	il_mod_crypto
TQeK3PhUw88uCrWKBXbwR35tJAcDb9XuSs	USDT	il_mod_crypto
TQimtt6MmASiLDEsKsfDDaDq5CFRE2BY1F	TRX	il_mod_crypto
TQn9oh6Mw6jLfgzh23AVHsCcfC9ZE41fne	TRX	il_mod_crypto
TQnhh63amB9HMXj5DeueUVdCHxCReoF6nM	TRX	il_mod_crypto
TQthYM5nLqwAEr6DScC8tRtw29ncEB53mK	USDT	ofac_0xB10C
TR18rEj7gWjKBJLYrowyfnvjWLTTsXGngK	USDT	ofac_0xB10C
TR1bh8eYVzHL9jSCzXFfUeKv8oSGciVRtm	USDT	il_mod_crypto
TR2iVPD66Bm35X1JpEg5Uc8TAvw38iznVF	TRX	il_mod_crypto
TR2nTb64cQMx6tqFwisoC6o7barFWHhPiw	TRX	il_mod_crypto
TR3W6S94NLJ5yAs8c4ZZXTUsJeUmsZtS4A	TRX	il_mod_crypto
TRAY8vmzneVCPfg7kDG7VQoJdBifNDARCX	TRX	il_mod_crypto
TRAvfmzQNsBAeGaDP9gr5qecGMDqWMo5zn	TRX	il_mod_crypto
TRBACioxdrdsYEZHvJWiUDZcMdBPpEe5Ub	TRX	ofac_0xB10C
TRC1Evq9jUaKVRBktCahH8yGohXRd6PEvr	USDT	il_mod_crypto
TRDaXKafW3kSYJ4KMHamvSL1Xautb97X4A	TRX	il_mod_crypto
TRKFqdP7rXb63dhZCCb36bnhvV5Ku7rwFE	USDT	il_mod_crypto
TRPUBmTwXoPXiNwB8LdmdBrqE2FJuz4vpw	USDT	il_mod_crypto
TRSbArg1yPoyPCxK8ToxHACG5aEP8MG1db	USDT	il_mod_crypto
TRSjzoAk1X1AFMnbvfXYa31uvxV146gTzg	USDT	il_mod_crypto
TRT7xntdpivdYAiZuxosieGWhHaWkptbaD	TRX	il_mod_crypto
TRTWxA77g6qHkgKpi8umFhh3sMX1aQsqAs	USDT	il_mod_crypto
TRTXHP7x4KQxnpV6hbWs6Mk5wS13FRoH1h	TRX	il_mod_crypto
TRU6fdxpMMDdEykV1fPvcqtMNRLeyw6Ymt	USDT	il_mod_crypto
TRVBg7KMgjc2UBqzEJgrkYo1j2ohaApj64	USDT	il_mod_crypto
TRWpS2JarmZShhQLTfHafnzkQdNKUh1ozK	TRX	il_mod_crypto
TRakpsE1mZjCUMNPyozR4BW2ZtJsF7ZWFN	TRX	ofac_0xB10C
TReSAwt6Epi8MhvkTQJbamrJuvEeZnxTdp	TRX	il_mod_crypto
TRi49C8uetw2NZ2hKYfei1HRdMsnYiGY2Z	TRX	il_mod_crypto
TRjQM4W7YqJZmn41itcETFYQ1Gy4LddTSR	TRX	il_mod_crypto
TRkGqvaobVp4XDNmSceRo5hDcJYDTFmYjd	USDT	ofac_0xB10C
TRkrud54UMLhidM3SdwbEeneTyi42UEcUP	TRX	il_mod_crypto
TRpDQ4v7vFHXxEGunsm6JXHztYMA4baQUu	USDT	il_mod_crypto
TRsAeY71dZvRPpxmbYRaFYmRfaKmk4Rvd3	TRX	il_mod_crypto
TRsJo9dLYzxp7XXvGzQwX5mXkRKAYYXJyV	TRX	il_mod_crypto
TRwvSmistRy7vK8mq2xpPA85fj9wRJKcUB	TRX	il_mod_crypto
TRxF2rUMnP9PTGmaJzz1oK6b5bSqoXkXP6	TRX	il_mod_crypto
TRynBAMA5Uzs3ryTk7EZZuoDZNdJrv6FmM	USDT	il_mod_crypto
TS5quaj273h9ZW9aaP78sc16N2gnGcraVb	USDT	il_mod_crypto
TS6VWJxeLne2YaHfywsZEPwifqP7HQtKvi	TRX	il_mod_crypto
TS8LuNarm67hCWeQAYizr1Kf1xvWi96LBr	TRX	il_mod_crypto
TSAFKq5FԝZZQZV7UkWzCvjRtΡ2LUUpDSрA	USDT	il_mod_crypto
TSAgSfpH5TtdCXLZkSKtwtgFmY5gMR4Dgi	USDT	il_mod_crypto
TSBqcb2QrLH7HBYQsTZV2xAJΥEsVqWmi8A	USDT	il_mod_crypto
TSTCBYe1Dagff3U2E87JcTREvxkmpufEBD	USDT	il_mod_crypto
TSUUTMFsᴢagjmwSzzkPSuAjBP34jddVZDf	USDT	il_mod_crypto
TSX1biRGx37ZUxDj3JLZZMkHnwXEeJxPaD	USDT	il_mod_crypto
TSaLg1S1gC4fkwcBSKM36KNSikWjA1HE2q	TRX	il_mod_crypto
TScXZTbDjjZ6a6jiC7dZjgCqfNo4vm7atV	TRX	il_mod_crypto
TSgiPLeKKTd6vQa2aLfb1QFmNV9DW52xYK	TRX	il_mod_crypto
TSimaHshdwmrHx5XYr4Rw5xsPjXitGNzQ4	TRX	il_mod_crypto
TSjw2iZhN2LVvQneYEbZSNMbXNsbQfmQ24	TRX	il_mod_crypto
TSkQMvsenhjbk55x1j2Wvs8EXMKhsGWiia	USDT	il_mod_crypto
TSoQQCZ3DrZ1us6RcHGHd9UXp6bM6PukNQ	USDT	il_mod_crypto
TStACMeyKFiV1p1QpYsDQF15cs1ezEw2dT	TRX	il_mod_crypto
TSvgMXnAyfVkQpVzh2JjnhB72hvUtV4hJX	USDT	il_mod_crypto
TSxAAo67VTDgKT537EVXxdogkJtk9c6ojz	TRX	ofac_0xB10C
TSxzxRkgHSJdhk1brV2Fw9fAjcD3iVxLsp	USDT	il_mod_crypto
TT2geYnQsusfsRAP3Ft5s6yF7L37n8wvpk	USDT	il_mod_crypto
TT7Fes7ErX3JvE71snmbo8PkE8R4NZpMYe	TRX	il_mod_crypto
TT9z1K9NT3XmMmvC1CaH3U76GFYi3FS1Zt	TRX	il_mod_crypto
TTAHMdqoom4f2VTWniroPWQHcTRZ4caoH4	USDT	ofac_0xB10C
TTB6rtpVxnR2FbSrf2DWXcdQrz6Bfqyhm3	TRX	il_mod_crypto
TTEhPr97cvtkpsFaLGQvAPQi58ZAu8tPu3	USDT	il_mod_crypto
TTEnpnwS4VHStV6nU75tgsTQcHvXuB5ReU	TRX	il_mod_crypto
TTF4LW1ALmvieWd3tkUaz96NjvLHZxmp4n	USDT	il_mod_crypto
TTGzaD2v3BSQwWHzn8L8mMdLfqL6ugjw49	TRX	il_mod_crypto
TTH3XRSyi4dzBevbUysP6xesoxkU1tNS4T	TRX	il_mod_crypto
TTKnV2S1295UrPr7N67Tp9ykNL7xX2Z4Uj	TRX	ofac_0xB10C
TTLrrHEaKX3NRh6gDthYoJZudacBuLVZKF	TRX	il_mod_crypto
TTMtE4Bqr9R1TjzsM7hbxjsT5S9kGrf5zs	USDT	il_mod_crypto
TTS9o5KkpGgH8cK9LofLmMAPYb5zfQvSNa	TRX	il_mod_crypto,ofac_0xB10C
TTUDyVhhpCC1xJoPmWzdjLAzeoPwbSABdr	TRX	ofac_0xB10C
TTUqoT6EAmiM1xLvwVwxhjvjaoEUGtKDdZ	USDT	ofac_0xB10C
TTZ7y3H6dmzpPocQtJUhtt8NUWczGkqwwy	TRX	il_mod_crypto
TTct1DezYvriNWU7Wi3mygLoskkaw61mra	USDT	ofac_0xB10C
TTdgr2R8wjgNZV86Jp5DdW8H3jvQfpFx32	USDT	il_mod_crypto
TTgcTTNbNuFdbrhvbjMZVrdU5KALyzDaPw	USDT	ofac_0xB10C
TTiDLWE6fZK8okMJv6ijg42yrH6W2pjSr9	TRX	ofac_0xB10C
TTiDzRuBU8vmHV1jKVxMhonMKKrchydXjb	TRX	il_mod_crypto
TTk3ARJe7T3nygauKRwbQiy4MCNRNJhfEA	TRX	il_mod_crypto
TTmw3qzMsHC8628v4pcJG798377pZrLm8f	USDT	il_mod_crypto
TTnsCooyH7udWbwbybr82BVWEudyHvKvHb	TRX	il_mod_crypto
TTppnKCiczEhCmCQNrjRsigq4FcizSPZXY	TRX	il_mod_crypto
TTsEjRoX9fHX5hrzZcBdzcTV2JpF6d8HKx	TRX	il_mod_crypto
TTwkQ4kMYGzWLgwr7YyWH8RQxqyzWjbvnp	USDT	il_mod_crypto
TTxuaC7zJ5QbBhnUL2KEkQbFc5UEipE1fd	TRX	il_mod_crypto
TTycL6yhbgkffdtpbdrd1jehVuB5nTA4Vg	USDT	il_mod_crypto
TTzMs5AR66jr9mQMkWfCHVwd3AiLLYPepQ	USDT	ofac_0xB10C
TU1TTeKBxtCVYNHrVrobBtvGAeJvuqyx6p	USDT	il_mod_crypto
TU1jyy2TZ67dh4N1XRhfdf2mеQsDreCUiu	USDT	il_mod_crypto
TU2TsDYZSVgeferWm7qgdKYgohgFn9CB9s	TRX	il_mod_crypto
TU3bxJ7FRpwsfwwc7bQLa9Jr89e7UzWB3m	TRX	il_mod_crypto
TU3fcRVCuHGxkk1i8ge85MxV4TJx1qRLDS	TRX	il_mod_crypto
TU4tDFRvcKhAZ1jdihojmBWZqvJhQCnJ4F	TRX	ofac_0xB10C
TU5JrXpbWJsg3YKNStZFSnddAAhS3pyTy5	TRX	il_mod_crypto
TU5N1PAd9bmRNyJdTBgDVpn489wZGzHKQU	USDT	il_mod_crypto
TU7N89rqSzYdTpj7tkq98zhmheT9tU1uzY	TRX	il_mod_crypto
TUAJ4qENLgTwrrioPaW8rKDYs4rZbxkWZF	TRX	il_mod_crypto
TUAnQreFFUpCvCb7ccdNuERmWhdePpVJUQ	TRX	il_mod_crypto
TUCsTq7TofTCJRRoHk6RvhMoS2mJLm5Yzq	XBT	ofac_0xB10C
TUDE8fd8iLHMt4r5C1ybpohCvyvM1vDYNU	TRX	il_mod_crypto
TUGhzM7bfQCYJX5fx925W8QxJvujkhvfpp	USDT	il_mod_crypto
TUKsuPVb8kgJVFp5x528KC5HisUVdzxami	USDT	ofac_0xB10C
TUKz4bUqHa48imeRoPw6P4qYXr9dAqvYXP	USDT	il_mod_crypto
TUTwbrWQZuQKqjuRjGaQQjmVa8fU94Y5Lu	USDT	il_mod_crypto
TUWR8ZhFrCeNg6NX9TDkHspGAgZX56E8Dk	TRX	il_mod_crypto
TUgFJe2mYMWikrNhvn4quAkiMDJrW7a9pz	USDT	il_mod_crypto
TUhjhS9cBCEjAckAhPieBfTxBAEYrV9Nt6	USDT	il_mod_crypto
TUig7bV2axB8LvbMqEXauPAuhMFQnTLhZW	TRX	il_mod_crypto
TUjufcYJkmaQVN7a7KrycKRXVw2voXYsAu	USDT	il_mod_crypto
TUkxNX8KsL72RTRCdDqoG7MiXi9973wX4K	TRX	il_mod_crypto
TUqoe6uU3NGqaurwMfhZNufUCRHExFcurY	USDT	il_mod_crypto
TUsf8h2aDg15Q9vPCdBpxbpDFQm8TdzgnW	USDT	il_mod_crypto
TUtw7GQJssJ6WtBE1J2xKks7VimKP8m587	TRX	il_mod_crypto
TUvkQfgQPGHucuyC9p3QeQUAxkqdKneEUo	TRX	il_mod_crypto
TV5ZTpKDszLTF6XcMnPongS33pwBgF91by	USDT	ofac_0xB10C
TV8jeHiNXGVCGNbsN1U7ufbtfFsWssLWKm	TRX	il_mod_crypto
TVCtcB4BM8n756v7BHB22kqnP6mHyq8VBN	TRX	il_mod_crypto
TVDsEFm19zLV8HeXdt6G75rLroxnp6uqpV	USDT	ofac_0xB10C
TVDwJiVNΚGounA8RНjgeVJ7kРS6enBoaVn	USDT	il_mod_crypto
TVKhaAQ7ADvS96SCBmsF11LGbhhXTgjFaa	USDT	il_mod_crypto
TVNDC3AurrX48TaZZHFuJHVCXBCyYBdrYP	TRX	il_mod_crypto
TVNyvx2astt2AB1Us67ENjfMZeEXZeiuu6	TRX	ofac_0xB10C
TVPijzV1WasNozwEsrGihYEML8d8mWcKSP	USDT	il_mod_crypto
TVPzR1AgA3KhUjqFxx85z9hk8SwnXvF3KE	USDT	il_mod_crypto
TVXy9j3MHePgN3ydyr3D8NojB5RLD3AcRs	TRX	il_mod_crypto
TVYKpp8t92Vjq1ZRbTMSTm1hriAxXvNkaQ	TRX	il_mod_crypto
TVYUDCLpc9YK5davKeNfGHKGrQaCGRLjbb	USDT	il_mod_crypto
TVacWx7F5wgMgn49L5frDf9KLgdYy8nPHL	USDT	ofac_0xB10C
TVbaPNrc2UbGrGBKwjRjjn6UENoTBnkB2d	TRX	il_mod_crypto
TVboq8xBRBSzCQ8v9cXQCTeGZmpoUNhjC5	TRX	il_mod_crypto
TVbzz1rC3xYRDBtYGCpwjAS19dX6BHDAiS	USDT	il_mod_crypto
TVduT76kwHLWWUfynMc7sLKe3a2oiT1sV5	USDT	il_mod_crypto
TVgWjE4x5WUNCNyUEyU5AkniJKf26jpLBS	USDT	il_mod_crypto
TVn4q7L4fKEPbygi7UHq1CKfZxtbeuMV5q	USDT	ofac_0xB10C
TVnd3r7YQPAHXoDB7bDaQV1yViaAiwRyᴢС	USDT	il_mod_crypto
TVoJZwG6SZrpk2Y11w2WW54HyvJmKTkeqG	TRX	il_mod_crypto
TVpWLWYWHHSwaeLRo2tpR9dZfgQZ8TNobm	USDT	il_mod_crypto
TVry5GC5zqTJSNT3KMAZikbZnnNwDpWxgU	USDT	il_mod_crypto
TVu2SiQrWSnfwk8quAeDxfiaLy6FHzYkMA	USDT	ofac_0xB10C
TVu83VX1ebkEGS8VGN7tos39Ukvmn7wgfP	USDT	il_mod_crypto
TVwRTHfpXPrAKmU4LDYpLhLM5ENosQNDSy	TRX	il_mod_crypto
TVxoL32Jt1327neFDMSDo6mEеUo6zNJ21R	USDT	il_mod_crypto
TVyJfzahkhvLHa7eruXMcuYuVFyqirk7Wc	TRX	il_mod_crypto
TVyiDQ25H6Rx6PcNV1WyjGasGSa8ehj1Uv	USDT	ofac_0xB10C
TVzsknku8cubpukTmUVn5Ro747Bgw3GS63	TRX	il_mod_crypto
TW3RgbhYkFEFnmRJ9mE9b83T9XYSMkjwuD	USDT	ofac_0xB10C
TWBAPzpPiZarfVsY2BLXeaLhNHurn4wkWG	USDT	il_mod_crypto,ofac_0xB10C
TWF9inkSHQPQf5KXXCTot7H8zh5kLA24Vn	TRX	il_mod_crypto
TWHcmHj9JuJWckNobsmVMMLnjQHyMiqQkx	USDT	il_mod_crypto
TWHpRB6vLxqNeCXdiRgxj3t3bQx47c4E2v	TRX	il_mod_crypto
TWQEKPhwtXk8XGfhfnQKHv6AU4Ce4qEEm4	TRX	il_mod_crypto
TWRyG2deyRGwjcVixxY21xvP5RaE6WQ5sC	USDT	il_mod_crypto
TWaertrZdpRJSbLv2G638UL5HCK6sKcZYy	TRX	il_mod_crypto
TWcUd7JMHBDVJjnVUQopZ8Kb7UMAVAJKyB	USDT	il_mod_crypto
TWd1UQYbgtNaW9PxDAE3rrRVgWG1XRAcaK	USDT	il_mod_crypto
TWeRNPzBjUroNfSuZPA8B9c2ipjQkYM5PL	TRX	il_mod_crypto
TWgHSaHWB8vXeniQSGWJAQs4HhA43gpQzq	TRX	il_mod_crypto
TWi1Y5CvwYowXuw4Pn3PPd6soDAo8e8Yez	TRX	il_mod_crypto
TWi66CCTwfCcMbKB284pWyjUFj76rFRwbn	USDT	il_mod_crypto
TWmanPr1pA1JPX4a6zuaLQwwC8LY5RZBef	USDT	il_mod_crypto
TWnv7Kdp6GfPtcvgz8HF7n8MLZ348b5ZVR	USDT	il_mod_crypto
TWvsfLNZrB8xPEeUE5Jzo94MzNYcCZ3ia8	TRX	il_mod_crypto
TWwv8FQiES3yHGig7y3zJWYuPaZfSV3vmY	USDT	ofac_0xB10C
TWwz8RW5ոG6uowTLԌհ715FtN5yPYXN8ToΚ	USDT	il_mod_crypto
TWxeby3JgFkdTYe9WUQJ9dsbVFofauGKiL	TRX	il_mod_crypto
TWyxNzR61FhAeMwXNFTVzSWfhkGMxrSgcn	TRX	il_mod_crypto
TWzTgpDJE6fBXneQ2ADiAdRGZs5vsfDHo8	USDT	il_mod_crypto
TX3Zc232WtQpXQxZ8UwUFaYo2XS45ropWy	USDT	il_mod_crypto
TX5GV4DyfxNB3rPkzZJhmqZ1efVmL4rEqG	USDT	ofac_0xB10C
TX62VPUSw8eQ4DTRi3GExqALbWQGs1mfmB	TRX	il_mod_crypto
TXBMWt3T4WhFkcPnob1567cGDM3ou27GWE	TRX	il_mod_crypto
TXDYVtjip9MXk764qjUe2JTG1o5NdEjDme	TRX	il_mod_crypto
TXEaKf4rT3rMoD3Vuqnuhwr6vLq6BL5t33	USDT	ofac_0xB10C
TXEsK1sEsKjZ1xtHitnyAAoqw3WLdYdRNW	USDT	ofac_0xB10C
TXFUYHVJMDyKikutvCG6qNgTUS5pxtZhHs	USDT	ofac_0xB10C
TXFaNo6MZifpqtGUPn4vU9LzGkxqSW4XcM	TRX	il_mod_crypto
TXKRJiuo7rVkpTN56ZMsbAnq12wR88nTЈQ	USDT	il_mod_crypto
TXPggkiHzYZofVqpzMDS19ePG6qmcnu3gq	TRX	il_mod_crypto
TXQyMhsxZfcGqPdi1TAYWJ5bVkcVyR2ye9	TRX	il_mod_crypto
TXRBsytHfJDoAKRdcedgLsoHudh1xJGUdC	TRX	il_mod_crypto
TXRTT6K7djpRGvYqiMHZSc9HcCN9dCQqu7	TRX	il_mod_crypto
TXVG2seoqhk4i1WpzG6t64YAW6SCUQfDhW	USDT	il_mod_crypto
TXXfxvnjg4497duutm5uEHUgqAhSVoM4nS	TRX	il_mod_crypto
TXc4kRiMEcdXRxWpSKkD5qKaARExN4uxPq	USDT	ofac_0xB10C
TXdNFmv2wngkc9WT4sT9HdFgVWbYyfX21L	TRX	il_mod_crypto
TXdhF63QjkxBHkxYLTKs2aMfwdyXsDNNas	USDT	il_mod_crypto
TXfKFBPkZTjcjvZLpzZcXeTZVav1VBEmfu	TRX	il_mod_crypto
TXgHXMa97Pq1D6xYVsboVtsHon5J7wwtmZ	TRX	il_mod_crypto
TXhf9nU9bjo1j9z5qEesHdr6gtdndfnA4T	TRX	ofac_0xB10C
TXkrpKxQZgiVHrZpzftRVremASc7zJSuY7	USDT	il_mod_crypto
TXmQwjEHUEU1jAtUQZeXJoYUCR2yZD8bXm	TRX	il_mod_crypto
TXs56ZWCpZ7yBBhDZ8J8tFqc9y31Ra9RHC	TRX	il_mod_crypto
TXtAXGMqnN1K4Do3TCZtbpTmXsTF91LsRd	USDT	il_mod_crypto
TXxz35Uj3NvUXjJorJLogXZ1n18MG7ovEN	USDT	il_mod_crypto
TY3TUu4RwSDmUqQAbQ66vU3tRdkqPC19M4	TRX	il_mod_crypto
TY4yXXCumGFk68VEMSwAL2SUoRdL4HnRDD	USDT	il_mod_crypto
TY6P1xitySxBa9MgW4nnoB4yMLjvZ7UcsH	USDT	il_mod_crypto
TY825nrM5GiztWFRQW3JpPUAGuZhWPisSA	TRX	il_mod_crypto
TYCXTfSGuFFQRdMy5WmFV6orXFKLo6gSqk	TRX	il_mod_crypto
TYCw1yy4q65WeWX2qvTqg4NcWc8j6DUiyh	USDT	il_mod_crypto
TYD6a4PAAfAgegEdDf9oZUnW4DFmS8jeFT	USDT	ofac_0xB10C
TYDNHVubQXTp6Yi3Lc8BNaknevDY27usFh	USDT	il_mod_crypto
TYDUutYN4YLKUPeT7TG27Yyqw6kNVLq9QZ	TRX	ofac_0xB10C
TYFDi73sTH92WmbSLYMf52WN4tvps6jhTt	USDT	il_mod_crypto
TYK29mbyvVxLaLUKdFSTRADMwoxaVbVZQg	USDT	ofac_0xB10C
TYKRGnSUA45YNFBY6SmfCnskKp1DB6C6Cd	USDT	il_mod_crypto
TYKZoNPHYhK71DfQNBtPqaKRbEzmN2ZaW6	USDT	il_mod_crypto
TYNTF1WRVDTR4iL77m2YDqhHyaTZXBtgiu	USDT	il_mod_crypto
TYSJNgQ8vSVnGp9oa8ZcbxPd21WyEPbzH5	USDT	il_mod_crypto
TYWa78KiKTiLTdxjjMznysjbJjPZK8an3a	TRX	il_mod_crypto
TYXGsCJG9c3cPQxEKDpu3p4nJbxn3LJ2K2	TRX	il_mod_crypto
TYXqLb9ZyAeJeTFkt3Tx7kNyc3HufjvnMs	TRX	il_mod_crypto
TYe5bazw5R98STBE9CYyDdPKs8EQAzkwBi	USDT	il_mod_crypto
TYeQD2VddTZ9NkFkAnT9DD8cUGetGUQZB2	TRX	ofac_0xB10C
TYebBxxCPzFPXqBpyk62ty61R8qaDEnThC	USDT	il_mod_crypto
TYh5oEYa8hJhXtbkpqXDpfSYUg7udNJ8DY	TRX	il_mod_crypto
TYhrCs3ij7pnZSXmf1HiNM8Bb2uDzTmpqh	USDT	il_mod_crypto
TYiJb2qhbtzSmSYWv7at2M7EGrH8EcgmJr	TRX	il_mod_crypto
TYkfXFJan2UMdot1sp9Jyb2hBaSbkYeZgK	TRX	il_mod_crypto
TYq1JsJxCc7XZYWeFck3q3LWLxUmiLT87n	USDT	il_mod_crypto
TYrjKsr2TjJqAPevjSnz45tjMkMMzN8JYY	USDT	il_mod_crypto
TYrya85AraRoejCyTWnYhb2DJCDW5rHVce	TRX	il_mod_crypto
TYwP5AwCqncqMUdFeToZeefGJfAog2PwMC	USDT	il_mod_crypto
TYxwUhoLPF7AgfG9GaXFEp8CQi8K8KG1m3	USDT	ofac_0xB10C
TYy8cFhadMXY6K9Bt5NBewZnQrZ6UpiZrA	TRX	il_mod_crypto
TYyQ2HCgXFABCufx5PX5JkXQbfAPnMphxx	TRX	il_mod_crypto
TZ1bLdAGQPH9cQkR372TGZJ99fjBi1juTQ	TRX	il_mod_crypto
TZ2CkuuJgxw6gfeKh9EZqY6hASSMVYmbWw	USDT	il_mod_crypto
TZ2kpc3b8YkpBszchRJtdbVvWgU7BSFUMH	USDT	il_mod_crypto
TZ9JrrzwmHTBb8fwWGp9MKW8VCmQmVH6bY	TRX	il_mod_crypto
TZB4NrX7k9ZsV6PRc1GigAztLL8WHpLvwP	TRX	ofac_0xB10C
TZJAyAN7RyN4fGqYjvj46aXq63HYGNmWJg	USDT	il_mod_crypto
TН96tFMn8KGiYSLiwсV3E2UiaJc8jmcbz3	UNKNOWN	il_mod_crypto
XnPFsRWTaSgiVauosEwQ6dEitGYXgwznz2	DASH	ofac_0xB10C
Xs3vzQmNvAxRa3Xo8XzQqUb3BMgb9EogF4	DASH	ofac_0xB10C
XyARKoupuArYtToA2S6yMdnoquDCDaBsaT	DASH	ofac_0xB10C
bc1q05aktddf9ce4p7hh3stgsf253m4vweu7nkhtmw	XBT	ofac_0xB10C
bc1q202ajnhxgg9d9jjczmg0g4usp6haqldyy2eakl	XBT	ofac_0xB10C
bc1q237mvl0heyw0r38wd3xz8h5mar96rrwpams8pp	XBT	ofac_0xB10C
bc1q2c3vwu7wxq308lsun24rjlsh6ff0x8whx55v4q	XBT	ofac_0xB10C
bc1q2jys00x2rgdkm3xnewuucqacytu0a7echupu8y	XBT	ofac_0xB10C
bc1q2lpgjntr348pfvxhfy33ehmdzy3gmx8w4052z6	XBT	ofac_0xB10C
bc1q2q8uxjznmurg363dvd98xjg54mrr7z6mw9t825	XBT	ofac_0xB10C
bc1q2we5eqjj8je6lz9xwjattpc3pn4jejc5h0s70f	XBT	ofac_0xB10C
bc1q362njxy39gnwrvj7zytn84ax39fwnhvk7n2999	XBT	ofac_0xB10C
bc1q3ael5my37nklgnqcrkwmnndfx9qdnp67j0739c	XBT	ofac_0xB10C
bc1q3q2lz3cmt4u2f49ugxz5q34xrs0m2z4w2gmkp5	XBT	ofac_0xB10C
bc1q3tan207evu5skk2wj80ycyw242g0kdnn3hs3x0	XBT	ofac_0xB10C
bc1q3y5v2khlyvemcz042wl98dzflywr8ghglqws6s	XBT	ofac_0xB10C
bc1q45cxufu7x6s5v9adzm9t38k80gwawse75xffwe	XBT	ofac_0xB10C
bc1q49ax787wv0mnn8wjgp3sx772qz7eun822rkv5k	XBT	ofac_0xB10C
bc1q4namcagg5wljs0u20z6h2sqgsq4q5lts8rt2rr	XBT	ofac_0xB10C
bc1q4qjvgw475a39d8cpcyv5keq39jlmlrq870sn30	XBT	ofac_0xB10C
bc1q4rzdtlt0uslyw86cp29sctl6ct29g9a95cuup7pn5md9ddj7xgmqpp5m73	XBT	ofac_0xB10C
bc1q4sqmmyv63g6ma5cmswzap3d8k995h0str69v3t	XBT	ofac_0xB10C
bc1q4yzd2rjmshm8ucrwy6dzj5rna20j0zlf8hf8vz	XBT	ofac_0xB10C
bc1q5jqgm7nvrhaw2rh2vk0dk8e4gg5g373g0vz07r	XBT	ofac_0xB10C
bc1q5zd0cwzd09k9r8xfk68sn5ytqp8f5aae80yfsm	XBT	ofac_0xB10C
bc1q66y45cq78ke25kz7rpe94l84avt7zetglzeeqg	XBT	ofac_0xB10C
bc1q67w36rccwju6pu72gar6e7z38k68k0ppngxc9w	XBT	il_mod_crypto
bc1q68uswkjvu7nj7mhrvfzkx7cm6u5s9puvpm5dc2	XBT	ofac_0xB10C
bc1q6qze6uj6jncgnva4eghxn3tr4pm2frh77ad3k9	XBT	ofac_0xB10C
bc1q6rzzf4erht8v7kgh5mfnwcrvzxchxt5glpsuls	XBT	ofac_0xB10C
bc1q6w463k7mhsgguwgqtcratm4vm42rncwhvvkeck	XBT	ofac_0xB10C
bc1q6yz2q723helcd7rz7xltw5nu77vn649zczklc3	XBT	ofac_0xB10C
bc1q7d46dvuv56kn4mm0jz3yep6xj74kxcpydt5te4	XBT	ofac_0xB10C
bc1q7des766x6c0zkycz6dz6rfv066n3fcg4kggtrt	XBT	ofac_0xB10C
bc1q7hhdygx05kyfyzjku2u7lywvx5pgyng6a0nefp	XBT	ofac_0xB10C
bc1q7mm0hwsud2j356a65qctefrua0km05g87jm62p	XBT	il_mod_crypto
bc1q7qsruzjsed9sy6taqz2m5rvljsmleg2xl7dz5r	XBT	ofac_0xB10C
bc1q7xfqqw9htr88t7vafg80p4qrlpjfyaps452x5g	XBT	ofac_0xB10C
bc1q86tl9255vg5wldamfymaaz36uqxzm30gs7fhkljvzdlt9t38s3lqgdwdfq	XBT	ofac_0xB10C
bc1q877qq09uyce6he3z57f2jea8dlr0rm237zfgyw	XBT	il_mod_crypto
bc1q8ew45w2agdffrnwp6adt2gqrc9n4mkev9ns29c	XBT	ofac_0xB10C
bc1q8p5r6wdx7leuekulnlglapy2wlwxgukpe76mys	XBT	ofac_0xB10C
bc1q8pw85s83mdx2f3rfu64mmfd9wexqu2y856arwp	XBT	ofac_0xB10C
bc1q8q7z3kt37z6jalv5ujung5lem6pzlk9r3kt66k	XBT	ofac_0xB10C
bc1q90zrdysy4flyacw7hsury3ajs9yzwtwp6guqpypx94w0d3p58hysvz6pde	XBT	ofac_0xB10C
bc1q97eg4k2juepa3smpac4pnfjsnyws696c290cxq	XBT	ofac_0xB10C
bc1q9kja7t2zxz0ze4lcgxf0l07pygpc69ws528lj9	XBT	ofac_0xB10C
bc1q9lvynkfpaw330uhqmunzdz6gmafsvapv7y3zty	XBT	ofac_0xB10C
bc1q9ua9ypl4dhj0zut5kzasj5c2kxclhh8v2k9djd	XBT	ofac_0xB10C
bc1q9ws2gcq7uumm4mk3l9xezwve7w5tmcs5js5cup	XBT	ofac_0xB10C
bc1qa2xr7dmz5lztplp9yfp7k382nf4ma8gwrl7zgg	XBT	ofac_0xB10C
bc1qa4jp7udkn2ycecz8289jfs3vpnqdwf4483d3qe	XBT	ofac_0xB10C
bc1qagp0gy58v8hqvw4p2wsphcxg067rrppp45hexr	XBT	ofac_0xB10C
bc1qakycg2zp8hydg95lc9cheumpa9yfpdeyrqqh5f	XBT	ofac_0xB10C
bc1qardcxz845jw83vgfvcmewhuxa0ag9gchjwmcfd	XBT	ofac_0xB10C
bc1qau9pmgc8l6rxpdwwap3fd6zprh5yp9mpe9jl0h	XBT	ofac_0xB10C
bc1qavwamr74qlzj8txy6jaxqnpym9062h090x6kz4	XBT	ofac_0xB10C
bc1qcjh0phl2yy3rxcztfthz9psuvk8trv2qe06p0k	XBT	ofac_0xB10C
bc1qcp6fr7gtyukympl6unr7uv78h3vprycwj455zx	XBT	ofac_0xB10C
bc1qcx8vxxrld2s7qvz64qp75s3508rkzaxj65l60q	XBT	ofac_0xB10C
bc1qdd2mumk4rxnygxyn5qhrq6pah6yjmnl3s9mef5	XBT	ofac_0xB10C
bc1qdpazd6smrkq5hmw6lupq98za2fqtgmq3azv3av	XBT	ofac_0xB10C
bc1qdt3gml5z5n50y5hm04u2yjdphefkm0fl2zdj68	XBT	ofac_0xB10C
bc1qdzgee6h4zjwvn8lyzjxgd467zxnshelqkudh7z	XBT	ofac_0xB10C
bc1qe8wclszdtshkjk7gph57crc72vpp9rylujgwa5	XBT	ofac_0xB10C
bc1qe95l438kzjcvnsm3kn8n5augf9gpctdlhsq7f7hpnkyvlr7rc7cqupapf7	XBT	ofac_0xB10C
bc1qe9lz50jq0a5pmtry0h3ekng3kjdg09vejg7355	XBT	ofac_0xB10C
bc1qea942uw640l7nvtf3vplv6jd6wvuy06c58cd4k	XBT	ofac_0xB10C
bc1qeaxuj8vamvnxqveleaqgmae33x904xuzj836p3	XBT	ofac_0xB10C
bc1qec85gd576z0phflq2jm8jxlh22tckqj3yru7xs	XBT	ofac_0xB10C
bc1qedvcgh32dud85yt7fu6s7qavthlh38gtwa7rhx	XBT	ofac_0xB10C
bc1qeth6n6ryxexvkx34wnx3nuynun4474h3j0gkhw	XBT	ofac_0xB10C
bc1qetqqlgvlnzdh4eshz9q6twlpdtmvy5rfkn3lza	XBT	ofac_0xB10C
bc1qfg4gfg0y6t6xjnpmlhuwx5k0wlw6nmfzxn2psc	XBT	ofac_0xB10C
bc1qfpdycqpkl5hvxg4feuk3nhde5h8t2zd89svsg9	XBT	ofac_0xB10C
bc1qg9h7s7hn4t9m7uw26gnwfm7xfxk77fkj878sg3	XBT	il_mod_crypto
bc1qgffxa65gr579tsz55n87pal2a777ygzg69d2yz	XBT	ofac_0xB10C
bc1qh33xtpjqhgysq5xlmjzkm28uewj08885n95drr	XBT	ofac_0xB10C
bc1qh3lw22uqwrywr8lpun20q2ma528a4yqmgf3uqp	XBT	ofac_0xB10C
bc1qh5y3u7eu23qu4kazfgxrpd9dd488k6f3gmd7xu	XBT	il_mod_crypto
bc1qhe6zy9x6ar42zkec3lhkms5m7hh3svtc88qhf6	XBT	ofac_0xB10C
bc1qhsp4kffl5pmsae43st9jufagu6uy7lsa6mslla	XBT	ofac_0xB10C
bc1qhvzl5w99m458nm7sc6hwf5qfhxndw28sgtatk8	XBT	ofac_0xB10C
bc1qj2ffj6pepc80sfqpx2k2pd3q278q72dpqv2ens	XBT	ofac_0xB10C
bc1qj6j6p0jdefl6pvdzx3kx8245yy5mz6q4luhzes	XBT	ofac_0xB10C
bc1qjwr3rgww7a8ut7a4x8jqh3vswcue3xvp6dm7qe	XBT	ofac_0xB10C
bc1qkfqh5p2qsakseg5gnwen6zh5xf3elmku2xaup29mw3l0wnncy3es880dss	XBT	ofac_0xB10C
bc1qkxdyxxepdrhw578z25qlnkq0z7fud46z9nleqp	XBT	il_mod_crypto
bc1ql526s72gycmvq7hek6j3tuwwmcpv4rgs0auxu7	XBT	ofac_0xB10C
bc1ql7dlyh8xz6tpqk92vztrhqh88dmjvcwrmsemrm	XBT	ofac_0xB10C
bc1ql7rnd70aejdxt3f9fzdlfazjlc9hvdmut8ad8s	XBT	ofac_0xB10C
bc1qlfpg2xn39u580cmwq6rymt8jdhcmj8520jhgh0	XBT	ofac_0xB10C
bc1qlhh94040d8nxkstf4l7720q72f2vntxxl96m4d	XBT	ofac_0xB10C
bc1qllmlvy5u038yvwywu803p53g8udcm8w7k4qxu9	XBT	ofac_0xB10C
bc1qlwtksgusw8pp3k3a39mkmwvswujhhgn0ulp3uj	XBT	ofac_0xB10C
bc1qmwznjzlhrj3fney3elxkwdpwa72u7eq0ge76dt	XBT	ofac_0xB10C
bc1qmzmx8res2fgzd2wttyvf2ajqqqtcnxxrgkqc2t	XBT	ofac_0xB10C
bc1qn6segn8km4nfdp9vueu6msfjsaxaqgun9h60n9	XBT	ofac_0xB10C
bc1qnq3pzsw3elkecrw8pqrz70r7zuse6cwyxa6dhc	XBT	ofac_0xB10C
bc1qnujzvts45qka3cr2eqqw8ur3q6g6s0ze2wlk5m	XBT	ofac_0xB10C
bc1qnykkrlk67f9kdqvzyw2ndu3xmef5z2e52886yl	XBT	ofac_0xB10C
bc1qnz0wdse3yf6xasgez07x46n6nhesath03kmmr5	XBT	il_mod_crypto
bc1qpaly5nm7pfka9v92d6qvl4fc2l9xzee8a6ys3s	XBT	ofac_0xB10C
bc1qptrvdk8uv8shd734tyhyzatrvmlq9l0v6r0dc2	XBT	ofac_0xB10C
bc1qq7p0es3dv5hcynjjf40f2xjjr6qp5py47d2f6n847vduuq9gvnyq7y9ecd	XBT	ofac_0xB10C
bc1qqf8kcc9m57xjqcvsvuf989nnl48ve6d2s24cx3	XBT	ofac_0xB10C
bc1qr2tgu4almsw9ajqfwz93qw0xc8w2g72xpyzqvn	XBT	ofac_0xB10C
bc1qr4fd3glpnthkefcylhnxk4gp47jsd0523ue7qj	XBT	ofac_0xB10C
bc1qrc2gchg2fmxua5u7twu4luv5p9twmny4jjmg9x	XBT	ofac_0xB10C
bc1qrskwdw9unhlkt87ltcqq2d5pn9s6w2f35gz3z6	XBT	ofac_0xB10C
bc1qs9u6j78e3utj08mwvqkkmqm9de5xk3g4yh8qtq	XBT	ofac_0xB10C
bc1qsmqpalp3gtgkltag4x3ygevmhh9y2hzk73t2ug	XBT	ofac_0xB10C
bc1qsmv6lkrw65l30yazdqpdjjtwzpvk9f8gfh0cy7	XBT	ofac_0xB10C
bc1qsxf77cvwcd6jv6j8d8j3uhh4g0xqw4meswmwuc	XBT	ofac_0xB10C
bc1qtdupwe722vcc5e0vh94cgwfs0ep4gzwyfsf75q	XBT	ofac_0xB10C
bc1qte9ret332gwrk6e7vqc87d807npzvdj5savg4h	XBT	ofac_0xB10C
bc1qtnr3t28ltzgsuvr9j6ruqaat6fz773mm8wr02l	XBT	ofac_0xB10C
bc1qtrh9z4ls2s2mflyhc5y0mtxt0y30n87c97z4qp	XBT	ofac_0xB10C
bc1qtrrfhr0f3ufsrjxfv8a7p3yuqj0spe4cm6vaws	XBT	ofac_0xB10C
bc1qtsl3ufenrv3zgrgm9z8xarcx22x8mfztuartyn	XBT	ofac_0xB10C
bc1qtsrtmpzu2rjgrlmvz2jre9nalwxp6z46l64f49	XBT	il_mod_crypto
bc1qtywfzxx6snut2mdrum8dyr5nnd5qhqd29wmvqt	XBT	ofac_0xB10C
bc1qu3e9sq8cem759umc3pywlsly3rr2qvjlxfnn9l	XBT	ofac_0xB10C
bc1qu4p4eynzu8vwwcv0yxq74gth00exjyech05uf0	XBT	ofac_0xB10C
bc1qu5vngdtcx8nc9d68pq8nv7pzcjrswsy87s66gk	XBT	ofac_0xB10C
bc1qu8mcqffx3jpdwnap88h85u5l5l0xq97438tz2x	XBT	ofac_0xB10C
bc1qup656lpfqfckhl580kwf62thmn5azmj2pal0sz	XBT	ofac_0xB10C
bc1quyc6j8ca84q9gjej5jjd2n8hra0vfu0j60fefs57p6e5rerkq07q0l5u3w	XBT	ofac_0xB10C
bc1qv4krhj2qmpd9qz9xj9nhvj99fq8s9xsw05d485	XBT	ofac_0xB10C
bc1qv7k70u2zynvem59u88ctdlaw7hc735d8xep9rq	XBT	ofac_0xB10C
bc1qvhnfknw852ephxyc5hm4q520zmvf9maphetc9z	XBT	ofac_0xB10C
bc1qvlzfn6kmezv44d8kw0p5jsmxe6wchv3zc7gsxs	XBT	ofac_0xB10C
bc1qvxlwpgcw260sc97a0u6dm0cjxv027clhd67fvx	XBT	ofac_0xB10C
bc1qw0pswznckx7s6tjmd2f5hrx4q6kc5nyrdxku50	XBT	ofac_0xB10C
bc1qw4cxpe6sxa5dg6sdwxjph959cw6yztrzl4r54s	XBT	ofac_0xB10C
bc1qw4fxztd5u3sl7vrcqwk2a8v5zh5dllvckx3tlt	XBT	ofac_0xB10C
bc1qw75cxmxz4e2v265mue9wmqgq2m0qdyr25l2ufl	XBT	ofac_0xB10C
bc1qw7vfgv3r5vnehafl0y95sclg3uqsj87wxs9ad628yjjcq33cwessr6ndyw	XBT	ofac_0xB10C
bc1qw8evftpgc8wsmkemd8yl5fg2husza5z802xaym	XBT	ofac_0xB10C
bc1qwa6zu6qhl6wqnlxp642vcf89nptsassle25ulf	XBT	ofac_0xB10C
bc1qwsqdcas3llkcx53sx4lqrcrdpxmr5s4eke6d8y	XBT	il_mod_crypto
bc1qwtem49c0n037jt8rlng82zlserr0e2yvsp237v	XBT	il_mod_crypto
bc1qwtswqzvaxl6lyw3keqqzwt8z937psta3wg9sjy	XBT	ofac_0xB10C
bc1qwyye7frjufeth0pecvaf3hz67lakt028dezv3p	XBT	ofac_0xB10C
bc1qwz0l2ceddckwdy5rh6zyrm3x4ha6gn5f2da5zg	XBT	ofac_0xB10C
bc1qx3e2axj3wsfn0ndtvlwmkghmmgm4583nqg8ngk	XBT	ofac_0xB10C
bc1qx9upga7f09tsetqf78wa3qrmcjar58mkwz6ng6	XBT	ofac_0xB10C
bc1qxp3sxw4q2rw3u9pd2k7udhp4eagc77jqcezv4q	XBT	ofac_0xB10C
bc1qyqvyupkpl6tm60zdecef925y220ssjuagpxsm0	XBT	ofac_0xB10C
bc1qyy5pt5cx3zth8xlj92lq5y87dh8xv3nwgs4ncq	XBT	ofac_0xB10C
bc1qzcg8y0utezp7zkp2cmqppd3x80l4gpqzew25wy	XBT	ofac_0xB10C
bc1qzqqdvukupr0qr5uckn2zjn40mkflnxu8fuuqdp	XBT	ofac_0xB10C
binanceiost (Address tag 100343788) *	IOST	il_mod_crypto
bnb136ns6lfw4zs5hg4n85vdthaad7hq5m4gtkgf23 (Address tag 104728783)*	BSC	il_mod_crypto
qpf2cphc5dkuclkqur7lhj2yuqq9pk3hmukle77vhq	BCH	ofac_0xB10C
qpusmp64rajses77x95g9ah825mtyyv74smwwkxhx3	BCH	ofac_0xB10C
qq3vlashthktqpeppuv7trmw070e3mydgq63zq348v	BCH	ofac_0xB10C
qqyuc9s700plhzr6awzru7g5z2d2p906uyrm6ht0r0	BCH	ofac_0xB10C
qz9f2vz3033sg5vc5mf7m7xshmj0jugy4ummf05jk8	BCH	ofac_0xB10C
qzjv8hrdvz6edu4gkzpnd4w6jc7zf296g5e9kkq4lx	BCH	ofac_0xB10C
rEb8TK3gBgk5auZkwc6sHnwrGVJH8DuaLh (Address tag 102334770)*	XRP	il_mod_crypto
rnXyVQzgxZe7TR1EPzTkGj2jxH4LMJYh66	XRP	ofac_0xB10C
t1MMXtBrSp1XG38Lx9cePcNUCJj5vdWfUWL	ZEC	ofac_0xB10C
t1SfdPR5gMz1QAMGJKGTNgzCauTEMnNU6GR	ZEC	il_mod_crypto
t1WSKwCDL1QYRRUrCCknEs5tDLhtGVYu9KM	ZEC	ofac_0xB10C
t1g7wowvQ8gn2v8jrU1biyJ26sieNqNsBJy	ZEC	ofac_0xB10C
ΤAgeWiMckLYfWTcJ3ysvZCVkzQzPFiLZSi	USDT	il_mod_crypto
ΤBhZLD3naPTe6JHQհiZTY1Zjbf1TwLiGpD	USDT	il_mod_crypto
ΤBpPMJ8JDS5r7A8cutrY9Fnu4FRwf6XPfc	USDT	il_mod_crypto
ΤC1PHnEXԜC8ji6ydb4CnCqyKhZrhdyAXfE	USDT	il_mod_crypto
ΤChLSj45οws71stbNu4v82uLΖ3Vx5isfzi	USDT	il_mod_crypto
ΤDMwR4YQΧK7vcf6eZawCRREwy4zrUeMEeC	USDT	il_mod_crypto
ΤF4UXL6vg9Pkmm4G9QqDx8XYjEVRZVxbҮv	USDT	il_mod_crypto
ΤFPZgAMBՍJJb4nWr1iՍJBkCBHCВGEXfP4R	USDT	il_mod_crypto
ΤGMLnaU331MyEzywJZntuPZS9ЕUcPYBidC	USDT	il_mod_crypto
ΤGMRPZ5nсwSVYQ7GԛՍoejN1GMе19F8dsgY	USDT	il_mod_crypto
ΤGuWthQNLuF75VVCbw6aKhFHbԌ4tJ5srΜ9	USDT	il_mod_crypto
ΤHD3sc53ВrjzmaPL912bLjRgD4QzQF6xԌt	USDT	il_mod_crypto
ΤHkT18UGօ4ᴑbbvS2ᴠ9fհc3g8kPLոHsuQΖP	USDT	il_mod_crypto
ΤKZD2toq8FkMvMLkᴡagGk7QVjRRqtPGiոU	USDT	il_mod_crypto
ΤKt6ioYaiC92hzUoс9MmC8XZ2et5Uhz3рL	USDT	il_mod_crypto
ΤLZrUJCgDcNKSjdWvfzLoqen4хEQbUVW9е	USDT	il_mod_crypto
ΤLgJDd9fΤX6mCGNxԛbtNugeDskdrZwkqԜՍ	USDT	il_mod_crypto
ΤM7VSpYsВΑCb1BnX9SrjP7DyGZEbdtzGрk	USDT	il_mod_crypto
ΤNGDxtEKЅPхRWg67НpC9UfziDismQTkXHm	USDT	il_mod_crypto
ΤNHW1aLuLzGUGgcvΗVf28uj4kUqioPzDЈS	USDT	il_mod_crypto
ΤNK6EFqmqLMrGG4TDVyXyW6hBAr1xq11FW	USDT	il_mod_crypto
ΤPJFteqSеkp3iQNRАcPbGbhwјhSn2KSCFu	USDT	il_mod_crypto
ΤRPLp526ᴠaеgMraoGz7q3vgPCVԁWZvbtnj	USDT	il_mod_crypto
ΤScXZTbDјϳZ6a6jiС7ԁZjgCqfNο4vm7atV	USDT	il_mod_crypto
ΤScnfYfa47aUtkLqsKSUJDeyΖBWcXPVKеJ	USDT	il_mod_crypto
ΤSqzWEMJВΧSDFjUn6ΝnckZ1Dр559yGfMDG	USDT	il_mod_crypto
ΤTXV4xn1gyCNNsevхrKjzeraSո6KCiZA8p	USDT	il_mod_crypto
ΤVTj3NgqV485FaMp69PjsBwTSk3iwFRzeΗ	USDT	il_mod_crypto
ΤVUWqJ3by3EigB1W86m7eh2tVvwkcBKXΝΑ	USDT	il_mod_crypto
ΤWMtzmziТmonxDdpqecr3eDMᴢKiy4HjmAC	USDT	il_mod_crypto
ΤX3HANU6BB6bd5DfCBfvieR1EhmiVf3VЅj	USDT	il_mod_crypto
ΤYosnbyyRYiok5aJр5AtdD5XᴢHh23FshBϳ	USDT	il_mod_crypto
ΤZ18KNPsЈ1euhzeMyԁUvmvjVϳ4ѕ871Jdհx	USDT	il_mod_crypto
ΤΚ9ByVpQGМbMN9EeοSnu4DFh4HYKSxVr5E	USDT	il_mod_crypto
ΤΜdbTohWtuRoqEtGExSQq5uRNϳLV9ijxFΗ	USDT	il_mod_crypto
ΤΜikmf35ԜW5A8gVCΡm9ᴢdX6MՍzhZѕktjԌa	USDT	il_mod_crypto
ΤϹcdhNswk2gMi4D3tikEyRF22ԛ78xHAfra	USDT	il_mod_crypto
ΤР7AcAzfRGzG6pqWMJsyQ6aYԁXMSAUbvXu	USDT	il_mod_crypto
ΤХuCx24QЅw8ecjH3ΖqVfindgԁQiHхEbsHc	USDT	il_mod_crypto
ΤԜBvzFf586marsZA37ASZZNBѕuհJTbj1xd	USDT	il_mod_crypto
ΤԜF9inkSΗQPQf5KXXCТot7H8ᴢh5kLA24Vn	USDT	il_mod_crypto
ΤԜV7BDzyy5DxKyK4QNjL1Now3ԝo5B6chМF	USDT	il_mod_crypto
Т9z9kZjWvpHcoPXtfᴄGKrpBHAZdTFho2AZ	USDT	il_mod_crypto
ТAziD1gsеQZjy2xN7EϳcbLE9FnvqKrKtВU	USDT	il_mod_crypto
ТBS4fkSVΖ6NqQ8F5ΒRSᴄgWGmKpAE2tetrJ	USDT	il_mod_crypto
ТD3iJZa72XDorPKXΕQSRkkVf3iJRyfUm6L	USDT	il_mod_crypto
ТFieH3GSΝQ6f5Q6KRΝraaaq6C1VobC9bka	USDT	il_mod_crypto
ТG35PjKSԛwVVxb8a4R4WqXGpΕaaSAZfwЅY	USDT	il_mod_crypto
ТGXSKmUemJM6RTYbТ58aSGBeᴠ8aᴠ4VXu4x	USDT	il_mod_crypto
ТK9hdrM68gadaV4tqk9bqoub2FsyQ3YrHЈ	USDT	il_mod_crypto
ТKXQxqLgᴢnKvxtJGfеr4ASSZjJ8bW6PpKᴠ	USDT	il_mod_crypto
ТMcm51DwBRsmUEzRhWrnydahΑ7JQqeHqhH	USDT	il_mod_crypto
ТMkB32xpGXC9YB59ԁLvzcxB5fMBERzy4хL	USDT	il_mod_crypto
ТN5pr1zPRѕET2SMa8QSzqzQdApfVzKLFхg	USDT	il_mod_crypto
ТP2J8Ceeսkԁbx19MbCAMp9zGϹ9qΑrprMyS	USDT	il_mod_crypto
ТPkrSMfHyyuhHBoYϳ4uoQRSMgUEFuPC7хk	USDT	il_mod_crypto
ТQE46vogeseLMK1NgЈf54twPimNL5wdJr2	USDT	il_mod_crypto
ТQZAQuZZAG4rhLcKq2RFEetc3аzrph1jts	USDT	il_mod_crypto
ТRJhoXAeDmiHc8NdPy5QdgrRku3U2XhyոS	USDT	il_mod_crypto
ТT2DCMYXհAa4RfrT7CyWf9u54rjWA7Tf2K	USDT	il_mod_crypto
ТT4FNjuwЈfΖN956V4nхKRkWZirԌ96gWGj2	USDT	il_mod_crypto
ТTLnxaQ4Ԝ4KJacnm3vcrugo3ոbJv7gXGrv	USDT	il_mod_crypto
ТTj4MGQTuҮQTEpiJ7BmkjNMciDTStMK69а	USDT	il_mod_crypto
ТVjFPD3AyY24JYwTkոatL7LxѕT7WEGfWmq	USDT	il_mod_crypto
ТVs4c3ZB6U24Z5TJ22wjLSsEhΚwoY9WYՍF	USDT	il_mod_crypto
ТXm8XcvNЕDNg44BGkhQzsqA1р8ka64vgХZ	USDT	il_mod_crypto
ТYuHA4pWᴢ3tpDdf7ЅrbmCagBeqս9YVGhᴄh	USDT	il_mod_crypto
ТYuXYK4WҮZAacmaQ1G6n7LoAѕysМsw1zhT	USDT	il_mod_crypto
ТΒQbqpGCBАX2Pf6iyzcFsshxFΥzMbNHBwm	USDT	il_mod_crypto
ТΜmna6u69аZbUxYeԛLCLL7UfDHЕaPfvkΗp	USDT	il_mod_crypto
ТΥ82R7ps9R5dVqDWԌeоPYqyVᴠ83Νrb3zDN	USDT	il_mod_crypto
ТЅco9U652mN7ZfgCոsuihvPgΧHb74mwhМV	USDT	il_mod_crypto
ТТxELSY2kΗc9EGP2o4RnMxgLN8FEMWNyԛ6	USDT	il_mod_crypto
ТՍ8preUjΑrgL7EajcDCTQzvVkXQ6DDjJiP	USDT	il_mod_crypto
ТՍZu9BBf31zcRjJZvR1k1EsW7fomUjVZrB	USDT	il_mod_crypto
